Date,Open,High,Low,Close,Volume
2022-05-24 00:00:00,6740.87744140625,7475.0,7325.0,7325.0,108710800
2022-05-25 00:00:00,6763.80517578125,7450.0,7350.0,7400.0,76747400
2022-05-27 00:00:00,6947.22998046875,7575.0,7475.0,7525.0,84336900
2022-05-30 00:00:00,6947.22998046875,7600.0,7475.0,7575.0,105411400
2022-05-31 00:00:00,7107.72705078125,7750.0,7525.0,7600.0,286292700
2022-06-02 00:00:00,6947.22998046875,7675.0,7525.0,7625.0,149226300
2022-06-03 00:00:00,6970.158203125,7675.0,7575.0,7600.0,80563100
2022-06-06 00:00:00,6832.58984375,7575.0,7425.0,7550.0,81140300
2022-06-07 00:00:00,6763.80517578125,7475.0,7300.0,7300.0,129242500
2022-06-08 00:00:00,6970.158203125,7600.0,7425.0,7500.0,108910500
2022-06-09 00:00:00,6878.4462890625,7575.0,7500.0,7500.0,107828300
2022-06-10 00:00:00,6740.87744140625,7450.0,7350.0,7400.0,111768600
2022-06-13 00:00:00,6740.87744140625,7400.0,7275.0,7300.0,85539500
2022-06-14 00:00:00,6786.7333984375,7400.0,7250.0,7300.0,80865100
2022-06-15 00:00:00,6717.94921875,7375.0,7300.0,7300.0,130367100
2022-06-16 00:00:00,6947.22998046875,7600.0,7375.0,7400.0,132666300
2022-06-17 00:00:00,6878.4462890625,7550.0,7425.0,7425.0,117839400
2022-06-20 00:00:00,6993.08642578125,7650.0,7500.0,7600.0,88138700
2022-06-21 00:00:00,7016.0146484375,7650.0,7550.0,7600.0,44295700
2022-06-22 00:00:00,6878.4462890625,7650.0,7500.0,7625.0,53041800
2022-06-23 00:00:00,6901.37451171875,7575.0,7450.0,7450.0,60443000
2022-06-24 00:00:00,6855.517578125,7600.0,7475.0,7600.0,57956600
2022-06-27 00:00:00,6740.87744140625,7500.0,7350.0,7475.0,76354100
2022-06-28 00:00:00,6695.0205078125,7400.0,7300.0,7300.0,146078100
2022-06-29 00:00:00,6672.0927734375,7400.0,7275.0,7325.0,98517800
2022-06-30 00:00:00,6649.16455078125,7400.0,7250.0,7300.0,101343900
2022-07-01 00:00:00,6649.16455078125,7325.0,7250.0,7300.0,68738800
2022-07-04 00:00:00,6465.7392578125,7275.0,7000.0,7250.0,102238600
2022-07-05 00:00:00,6649.16455078125,7325.0,7100.0,7100.0,69172900
2022-07-06 00:00:00,6695.0205078125,7325.0,7175.0,7300.0,66801100
2022-07-07 00:00:00,6511.595703125,7250.0,7100.0,7225.0,86126800
2022-07-08 00:00:00,6557.4521484375,7175.0,7075.0,7125.0,64312400
2022-07-11 00:00:00,6534.5234375,7200.0,7125.0,7200.0,36830800
2022-07-12 00:00:00,6580.3798828125,7250.0,7150.0,7175.0,34269000
2022-07-13 00:00:00,6419.8828125,7125.0,7000.0,7100.0,71988200
2022-07-14 00:00:00,6442.81103515625,7100.0,7000.0,7025.0,83316300
2022-07-15 00:00:00,6419.8828125,7100.0,7000.0,7100.0,57419900
2022-07-18 00:00:00,6557.4521484375,7150.0,7025.0,7025.0,60077700
2022-07-19 00:00:00,6580.3798828125,7175.0,7100.0,7100.0,59641000
2022-07-20 00:00:00,6786.7333984375,7400.0,7175.0,7200.0,105792900
2022-07-21 00:00:00,6786.7333984375,7400.0,7250.0,7400.0,64337100
2022-07-22 00:00:00,6717.94921875,7400.0,7300.0,7400.0,38956500
2022-07-25 00:00:00,6695.0205078125,7375.0,7300.0,7350.0,31247600
2022-07-26 00:00:00,6695.0205078125,7375.0,7250.0,7250.0,44379900
2022-07-27 00:00:00,6717.94921875,7350.0,7275.0,7325.0,58465500
2022-07-28 00:00:00,6740.87744140625,7450.0,7325.0,7375.0,86909700
2022-07-29 00:00:00,6740.87744140625,7475.0,7350.0,7400.0,131553000
2022-08-01 00:00:00,6878.4462890625,7500.0,7350.0,7350.0,104841600
2022-08-02 00:00:00,6970.158203125,7625.0,7500.0,7600.0,106466900
2022-08-03 00:00:00,6993.08642578125,7625.0,7575.0,7625.0,60170600
2022-08-04 00:00:00,7153.583984375,7800.0,7650.0,7675.0,164221000
2022-08-05 00:00:00,7222.3681640625,7875.0,7725.0,7825.0,118734200
2022-08-08 00:00:00,7222.3681640625,7925.0,7750.0,7875.0,84328900
2022-08-09 00:00:00,7245.296875,7975.0,7875.0,7875.0,92875800
2022-08-10 00:00:00,7245.296875,7900.0,7725.0,7800.0,104376300
2022-08-11 00:00:00,7291.15185546875,7950.0,7825.0,7850.0,73204700
2022-08-12 00:00:00,7268.224609375,7975.0,7850.0,7925.0,59381200
2022-08-15 00:00:00,7291.15185546875,7975.0,7900.0,7950.0,81411000
2022-08-16 00:00:00,7314.0810546875,7975.0,7850.0,7950.0,83556700
2022-08-18 00:00:00,7337.0087890625,8025.0,7875.0,7900.0,86136900
2022-08-19 00:00:00,7245.296875,8050.0,7900.0,8050.0,58194900
2022-08-22 00:00:00,7337.0087890625,8000.0,7825.0,7850.0,97293300
2022-08-23 00:00:00,7245.296875,8000.0,7900.0,8000.0,71671800
2022-08-24 00:00:00,7291.15185546875,8025.0,7900.0,7950.0,108892400
2022-08-25 00:00:00,7405.7939453125,8100.0,7900.0,8000.0,99503500
2022-08-26 00:00:00,7337.0087890625,8125.0,8000.0,8025.0,80472400
2022-08-29 00:00:00,7474.578125,8150.0,7950.0,8000.0,57762100
2022-08-30 00:00:00,7497.505859375,8275.0,8075.0,8100.0,124467000
2022-08-31 00:00:00,7520.43408203125,8225.0,8050.0,8075.0,137659900
2022-09-01 00:00:00,7474.578125,8250.0,8125.0,8150.0,74960800
2022-09-02 00:00:00,7543.3623046875,8225.0,8150.0,8150.0,71430600
2022-09-05 00:00:00,7589.21826171875,8300.0,8200.0,8225.0,62906000
2022-09-06 00:00:00,7589.21826171875,8350.0,8250.0,8300.0,67079900
2022-09-07 00:00:00,7680.931640625,8375.0,8250.0,8250.0,117931700
2022-09-08 00:00:00,7658.00341796875,8500.0,8350.0,8400.0,132777400
2022-09-09 00:00:00,7680.931640625,8500.0,8275.0,8500.0,91234600
2022-09-12 00:00:00,7680.931640625,8425.0,8325.0,8325.0,52395300
2022-09-13 00:00:00,7818.5009765625,8575.0,8375.0,8375.0,124485200
2022-09-14 00:00:00,7795.57177734375,8650.0,8375.0,8375.0,116642400
2022-09-15 00:00:00,8024.85302734375,8875.0,8500.0,8500.0,190404800
2022-09-16 00:00:00,7749.71435546875,8725.0,8450.0,8700.0,363127600
2022-09-19 00:00:00,7933.140625,8750.0,8450.0,8475.0,102530600
2022-09-20 00:00:00,7841.42822265625,8650.0,8550.0,8550.0,89238400
2022-09-21 00:00:00,7772.6435546875,8600.0,8425.0,8525.0,90933700
2022-09-22 00:00:00,7772.6435546875,8525.0,8375.0,8375.0,61908500
2022-09-23 00:00:00,7680.931640625,8475.0,8375.0,8375.0,60567600
2022-09-26 00:00:00,7726.7880859375,8500.0,8200.0,8200.0,106228200
2022-09-27 00:00:00,7612.1474609375,8450.0,8300.0,8375.0,89567100
2022-09-28 00:00:00,7635.0751953125,8425.0,8250.0,8250.0,89153400
2022-09-29 00:00:00,7680.931640625,8450.0,8325.0,8325.0,62643700
2022-09-30 00:00:00,7841.42822265625,8575.0,8275.0,8375.0,176524800
2022-10-03 00:00:00,7795.57177734375,8525.0,8450.0,8450.0,115079600
2022-10-04 00:00:00,7841.42822265625,8625.0,8525.0,8525.0,80524500
2022-10-05 00:00:00,7749.71435546875,8550.0,8425.0,8525.0,63788000
2022-10-06 00:00:00,7726.7880859375,8500.0,8425.0,8475.0,43967400
2022-10-07 00:00:00,7520.43408203125,8375.0,8200.0,8325.0,112043400
2022-10-10 00:00:00,7612.1474609375,8375.0,8125.0,8150.0,80238200
2022-10-11 00:00:00,7566.291015625,8300.0,8150.0,8200.0,64060000
2022-10-12 00:00:00,7635.0751953125,8325.0,8175.0,8200.0,47569700
2022-10-13 00:00:00,7589.21826171875,8375.0,8275.0,8275.0,62282800
2022-10-14 00:00:00,7566.291015625,8350.0,8250.0,8300.0,70642900
2022-10-17 00:00:00,7566.291015625,8300.0,8175.0,8250.0,56387500
2022-10-18 00:00:00,7612.1474609375,8475.0,8250.0,8275.0,85665300
2022-10-19 00:00:00,7589.21826171875,8350.0,8225.0,8250.0,66753500
2022-10-20 00:00:00,7795.57177734375,8500.0,8250.0,8250.0,91812300
2022-10-21 00:00:00,7933.140625,8725.0,8450.0,8450.0,122777800
2022-10-24 00:00:00,8162.42236328125,8900.0,8725.0,8750.0,89416500
2022-10-25 00:00:00,7978.99755859375,8875.0,8700.0,8825.0,84696300
2022-10-26 00:00:00,7841.42822265625,8650.0,8550.0,8625.0,98962100
2022-10-27 00:00:00,7978.99755859375,8700.0,8550.0,8550.0,77003400
2022-10-28 00:00:00,8024.85302734375,8750.0,8650.0,8650.0,84980600
2022-10-31 00:00:00,8070.71044921875,8850.0,8775.0,8850.0,138922800
2022-11-01 00:00:00,8070.71044921875,9000.0,8725.0,9000.0,118118400
2022-11-02 00:00:00,8024.85302734375,8825.0,8725.0,8800.0,68323600
2022-11-03 00:00:00,8070.71044921875,8825.0,8700.0,8700.0,81856300
2022-11-04 00:00:00,8047.78173828125,8800.0,8675.0,8775.0,84458300
2022-11-07 00:00:00,8116.56640625,8850.0,8675.0,8725.0,94794000
2022-11-08 00:00:00,8024.85302734375,8875.0,8725.0,8850.0,42525500
2022-11-09 00:00:00,8139.4951171875,8875.0,8675.0,8675.0,96599500
2022-11-10 00:00:00,8070.71044921875,8800.0,8725.0,8725.0,89463000
2022-11-11 00:00:00,8116.56640625,8925.0,8825.0,8900.0,59597900
2022-11-14 00:00:00,8024.85302734375,8900.0,8750.0,8875.0,49208200
2022-11-15 00:00:00,8070.71044921875,8850.0,8750.0,8775.0,59092900
2022-11-16 00:00:00,7887.2841796875,8675.0,8550.0,8625.0,143424800
2022-11-17 00:00:00,8001.92529296875,8825.0,8600.0,8625.0,72679800
2022-11-18 00:00:00,8093.6376953125,8900.0,8725.0,8725.0,83556900
2022-11-21 00:00:00,8001.92529296875,8900.0,8725.0,8875.0,35901000
2022-11-22 00:00:00,8162.42236328125,8950.0,8850.0,8900.0,84684200
2022-11-23 00:00:00,8139.4951171875,8975.0,8875.0,8900.0,84642100
2022-11-24 00:00:00,8254.134765625,9000.0,8950.0,8975.0,53520800
2022-11-25 00:00:00,8231.2060546875,9000.0,8900.0,9000.0,75048300
2022-11-28 00:00:00,8277.0625,9100.0,8975.0,9050.0,96209700
2022-11-29 00:00:00,8231.2060546875,9075.0,8925.0,8975.0,91562100
2022-11-30 00:00:00,8529.2724609375,9400.0,8850.0,8875.0,644359600
2022-12-01 00:00:00,8254.134765625,9350.0,9000.0,9275.0,155775400
2022-12-02 00:00:00,8194.2890625,8975.0,8900.0,8900.0,130982100
2022-12-05 00:00:00,8079.201171875,8900.0,8775.0,8800.0,114656300
2022-12-06 00:00:00,7987.13037109375,8750.0,8575.0,8725.0,180553800
2022-12-07 00:00:00,7779.97021484375,8575.0,8450.0,8500.0,229308700
2022-12-08 00:00:00,7826.00634765625,8575.0,8350.0,8375.0,172590100
2022-12-09 00:00:00,7895.06005859375,8600.0,8450.0,8500.0,90851300
2022-12-12 00:00:00,8010.1484375,8700.0,8475.0,8525.0,102851800
2022-12-13 00:00:00,8010.1484375,8700.0,8550.0,8625.0,104580200
2022-12-14 00:00:00,7941.09521484375,8700.0,8525.0,8600.0,118164300
2022-12-15 00:00:00,7826.00634765625,8600.0,8500.0,8575.0,113255700
2022-12-16 00:00:00,7918.078125,8650.0,8400.0,8425.0,181516700
2022-12-19 00:00:00,7964.1123046875,8700.0,8600.0,8650.0,67482900
2022-12-20 00:00:00,7895.06005859375,8650.0,8550.0,8550.0,41243700
2022-12-21 00:00:00,7987.13037109375,8700.0,8575.0,8600.0,33617700
2022-12-22 00:00:00,7895.06005859375,8675.0,8575.0,8650.0,59591500
2022-12-23 00:00:00,7826.00634765625,8575.0,8500.0,8525.0,47393000
2022-12-26 00:00:00,7895.06005859375,8625.0,8500.0,8500.0,20495900
2022-12-27 00:00:00,7918.078125,8650.0,8575.0,8600.0,27193800
2022-12-28 00:00:00,7964.1123046875,8650.0,8550.0,8650.0,40420200
2022-12-29 00:00:00,7895.06005859375,8600.0,8500.0,8525.0,47020900
2022-12-30 00:00:00,7872.0419921875,8650.0,8550.0,8575.0,44681400
2023-01-02 00:00:00,7872.0419921875,8600.0,8500.0,8575.0,10653900
2023-01-03 00:00:00,7872.0419921875,8600.0,8525.0,8550.0,27399100
2023-01-04 00:00:00,7687.90087890625,8575.0,8350.0,8525.0,90918800
2023-01-05 00:00:00,7595.830078125,8375.0,8150.0,8350.0,128838500
2023-01-06 00:00:00,7641.86572265625,8325.0,8100.0,8100.0,69286600
2023-01-09 00:00:00,7779.97021484375,8450.0,8325.0,8325.0,86916900
2023-01-10 00:00:00,7526.77685546875,8425.0,8150.0,8400.0,101759100
2023-01-11 00:00:00,7480.74169921875,8150.0,8000.0,8050.0,96069100
2023-01-12 00:00:00,7526.77685546875,8275.0,8125.0,8150.0,103804600
2023-01-13 00:00:00,7411.68896484375,8175.0,8025.0,8150.0,119748200
2023-01-16 00:00:00,7503.75927734375,8200.0,8050.0,8050.0,105710700
2023-01-17 00:00:00,7664.8828125,8375.0,8150.0,8175.0,88695900
2023-01-18 00:00:00,7641.86572265625,8325.0,8175.0,8200.0,96814600
2023-01-19 00:00:00,7664.8828125,8350.0,8250.0,8350.0,66391800
2023-01-20 00:00:00,7641.86572265625,8325.0,8250.0,8275.0,96859500
2023-01-24 00:00:00,7572.8125,8350.0,8225.0,8300.0,42474500
2023-01-25 00:00:00,7549.794921875,8300.0,8200.0,8300.0,66124500
2023-01-26 00:00:00,7802.9892578125,8475.0,8225.0,8225.0,77582300
2023-01-27 00:00:00,8010.1484375,8850.0,8550.0,8700.0,196804700
2023-01-30 00:00:00,8010.1484375,8775.0,8575.0,8725.0,68544300
2023-01-31 00:00:00,7802.9892578125,8675.0,8475.0,8625.0,200589000
2023-02-01 00:00:00,7826.00634765625,8575.0,8450.0,8575.0,77396200
2023-02-02 00:00:00,7779.97021484375,8525.0,8400.0,8425.0,99109500
2023-02-03 00:00:00,8010.1484375,8700.0,8500.0,8550.0,71716700
2023-02-06 00:00:00,8033.1650390625,8750.0,8650.0,8750.0,117757700
2023-02-07 00:00:00,8148.25390625,8850.0,8750.0,8775.0,116014700
2023-02-08 00:00:00,8125.23681640625,8850.0,8800.0,8825.0,54495500
2023-02-09 00:00:00,8194.2890625,8900.0,8800.0,8825.0,72381700
2023-02-10 00:00:00,8125.23681640625,8900.0,8700.0,8875.0,62060900
2023-02-13 00:00:00,8171.271484375,8900.0,8775.0,8875.0,63775000
2023-02-14 00:00:00,8240.3251953125,8950.0,8825.0,8850.0,81678200
2023-02-15 00:00:00,8171.271484375,8900.0,8750.0,8875.0,38037000
2023-02-16 00:00:00,8010.1484375,8850.0,8700.0,8825.0,66040400
2023-02-17 00:00:00,8033.1650390625,8850.0,8725.0,8775.0,43588900
2023-02-20 00:00:00,8056.18408203125,8825.0,8700.0,8725.0,40077000
2023-02-21 00:00:00,8010.1484375,8800.0,8700.0,8775.0,25390500
2023-02-22 00:00:00,7987.13037109375,8750.0,8625.0,8700.0,38671900
2023-02-23 00:00:00,8033.1650390625,8750.0,8625.0,8625.0,53412300
2023-02-24 00:00:00,7987.13037109375,8850.0,8675.0,8775.0,44123400
2023-02-27 00:00:00,8079.201171875,8775.0,8650.0,8675.0,59983900
2023-02-28 00:00:00,8056.18408203125,8775.0,8675.0,8775.0,106349400
2023-03-01 00:00:00,7918.078125,8750.0,8600.0,8725.0,67034700
2023-03-02 00:00:00,7941.09521484375,8700.0,8600.0,8600.0,56672000
2023-03-03 00:00:00,7802.9892578125,8675.0,8475.0,8650.0,95376900
2023-03-06 00:00:00,7733.9365234375,8550.0,8400.0,8550.0,92652000
2023-03-07 00:00:00,7756.9541015625,8475.0,8350.0,8350.0,106115600
2023-03-08 00:00:00,7895.06005859375,8575.0,8400.0,8400.0,79350900
2023-03-09 00:00:00,7895.06005859375,8650.0,8550.0,8650.0,54201400
2023-03-10 00:00:00,7779.97021484375,8550.0,8450.0,8500.0,59580100
2023-03-13 00:00:00,7872.0419921875,8625.0,8450.0,8450.0,82077700
2023-03-14 00:00:00,7664.8828125,8475.0,8325.0,8425.0,90495300
2023-03-15 00:00:00,7664.8828125,8475.0,8325.0,8450.0,86747400
2023-03-16 00:00:00,7641.86572265625,8350.0,8250.0,8300.0,105894000
2023-03-17 00:00:00,7710.91845703125,8450.0,8325.0,8375.0,198558600
2023-03-20 00:00:00,7733.9365234375,8475.0,8375.0,8400.0,37277900
2023-03-21 00:00:00,7826.00634765625,8500.0,8375.0,8400.0,91617400
2023-03-24 00:00:00,8125.23681640625,8825.0,8625.0,8700.0,145603600
2023-03-27 00:00:00,8010.1484375,8825.0,8700.0,8825.0,110692800
2023-03-28 00:00:00,7987.13037109375,8800.0,8675.0,8800.0,98296600
2023-03-29 00:00:00,8264.1689453125,8800.0,8625.0,8675.0,101068200
2023-03-30 00:00:00,8287.6455078125,8900.0,8800.0,8900.0,118912100
2023-03-31 00:00:00,8217.212890625,8850.0,8725.0,8825.0,97146900
2023-04-03 00:00:00,8264.1689453125,8825.0,8750.0,8825.0,60288900
2023-04-04 00:00:00,8240.689453125,8825.0,8650.0,8825.0,60975800
2023-04-05 00:00:00,8193.734375,8800.0,8725.0,8775.0,36922100
2023-04-06 00:00:00,8217.212890625,8775.0,8700.0,8700.0,45489400
2023-04-10 00:00:00,8264.1689453125,8800.0,8700.0,8725.0,32996000
2023-04-11 00:00:00,8287.6455078125,8825.0,8750.0,8825.0,44554300
2023-04-12 00:00:00,8358.078125,8900.0,8825.0,8900.0,91903600
2023-04-13 00:00:00,8381.556640625,8950.0,8875.0,8950.0,51726500
2023-04-14 00:00:00,8451.9892578125,9000.0,8950.0,9000.0,110354200
2023-04-17 00:00:00,8475.4677734375,9050.0,8900.0,9025.0,83946900
2023-04-18 00:00:00,8569.3779296875,9175.0,9025.0,9050.0,91178700
2023-04-26 00:00:00,8639.8115234375,9200.0,9000.0,9125.0,186928200
2023-04-27 00:00:00,8592.8564453125,9175.0,9075.0,9100.0,54842400
2023-04-28 00:00:00,8498.9453125,9125.0,9050.0,9100.0,145775300
2023-05-02 00:00:00,8498.9453125,9100.0,8900.0,9100.0,83645900
2023-05-03 00:00:00,8381.556640625,9050.0,8875.0,9050.0,83728800
2023-05-04 00:00:00,8451.9892578125,9025.0,8875.0,8925.0,67565000
2023-05-05 00:00:00,8451.9892578125,9050.0,8950.0,9000.0,64815100
2023-05-08 00:00:00,8451.9892578125,9075.0,8950.0,9000.0,84754500
2023-05-09 00:00:00,8381.556640625,8975.0,8900.0,8950.0,40929600
2023-05-10 00:00:00,8381.556640625,8950.0,8900.0,8925.0,45322600
2023-05-11 00:00:00,8287.6455078125,8900.0,8800.0,8900.0,81993900
2023-05-12 00:00:00,8264.1689453125,8875.0,8725.0,8750.0,96525600
2023-05-15 00:00:00,8240.689453125,8875.0,8725.0,8875.0,64830300
2023-05-16 00:00:00,8170.25634765625,8825.0,8700.0,8800.0,49497000
2023-05-17 00:00:00,8240.689453125,8850.0,8750.0,8775.0,69996100
2023-05-19 00:00:00,8451.9892578125,9000.0,8825.0,8900.0,123592500
2023-05-22 00:00:00,8451.9892578125,9075.0,8925.0,9000.0,91000000
2023-05-23 00:00:00,8569.3779296875,9150.0,9025.0,9050.0,102980500
2023-05-24 00:00:00,8475.4677734375,9200.0,9025.0,9200.0,77392900
2023-05-25 00:00:00,8498.9453125,9150.0,9050.0,9100.0,76325700
2023-05-26 00:00:00,8592.8564453125,9200.0,9100.0,9175.0,55675900
2023-05-29 00:00:00,8592.8564453125,9250.0,9075.0,9250.0,79148200
2023-05-30 00:00:00,8686.765625,9325.0,9150.0,9200.0,97189500
2023-05-31 00:00:00,8498.9453125,9325.0,9050.0,9300.0,722827900
2023-06-05 00:00:00,8639.8115234375,9325.0,9100.0,9150.0,163535600
2023-06-06 00:00:00,8592.8564453125,9200.0,9050.0,9050.0,74872200
2023-06-07 00:00:00,8545.9013671875,9175.0,9075.0,9125.0,87492200
2023-06-08 00:00:00,8569.3779296875,9125.0,9075.0,9075.0,53188400
2023-06-09 00:00:00,8545.9013671875,9175.0,9100.0,9175.0,44632400
2023-06-12 00:00:00,8592.8564453125,9150.0,9100.0,9150.0,38082300
2023-06-13 00:00:00,8592.8564453125,9175.0,9100.0,9175.0,45552600
2023-06-14 00:00:00,8522.4228515625,9125.0,9050.0,9100.0,72223700
2023-06-15 00:00:00,8498.9453125,9100.0,9050.0,9100.0,59073000
2023-06-16 00:00:00,8498.9453125,9100.0,8975.0,9100.0,112769400
2023-06-19 00:00:00,8451.9892578125,9050.0,9000.0,9000.0,32330600
2023-06-20 00:00:00,8498.9453125,9050.0,8950.0,9025.0,54990100
2023-06-21 00:00:00,8569.3779296875,9125.0,9000.0,9050.0,42676300
2023-06-22 00:00:00,8498.9453125,9150.0,9050.0,9125.0,48291100
2023-06-23 00:00:00,8498.9453125,9150.0,9025.0,9025.0,47813500
2023-06-26 00:00:00,8522.4228515625,9125.0,9025.0,9025.0,36389900
2023-06-27 00:00:00,8592.8564453125,9150.0,9050.0,9050.0,36225100
2023-07-03 00:00:00,8522.4228515625,9075.0,9025.0,9025.0,108855900
2023-07-04 00:00:00,8498.9453125,9150.0,9050.0,9150.0,35049300
2023-07-05 00:00:00,8498.9453125,9075.0,9025.0,9050.0,44609200
2023-07-06 00:00:00,8522.4228515625,9100.0,9025.0,9050.0,52532400
2023-07-07 00:00:00,8475.4677734375,9100.0,9025.0,9025.0,37641300
2023-07-10 00:00:00,8498.9453125,9100.0,9050.0,9100.0,28981500
2023-07-11 00:00:00,8475.4677734375,9100.0,9025.0,9100.0,43703500
2023-07-12 00:00:00,8616.3330078125,9175.0,9050.0,9075.0,61566500
2023-07-13 00:00:00,8569.3779296875,9225.0,9125.0,9200.0,65230900
2023-07-14 00:00:00,8639.8115234375,9200.0,9125.0,9175.0,55554500
2023-07-17 00:00:00,8616.3330078125,9250.0,9175.0,9200.0,62550100
2023-07-18 00:00:00,8592.8564453125,9250.0,9100.0,9200.0,52924600
2023-07-20 00:00:00,8592.8564453125,9225.0,9125.0,9200.0,83476600
2023-07-21 00:00:00,8592.8564453125,9175.0,9125.0,9150.0,42667800
2023-07-24 00:00:00,8545.9013671875,9200.0,9100.0,9200.0,62061200
2023-07-25 00:00:00,8592.8564453125,9300.0,9150.0,9175.0,122802700
2023-07-26 00:00:00,8780.677734375,9350.0,9125.0,9175.0,113868700
2023-07-27 00:00:00,8663.2890625,9400.0,9225.0,9400.0,77848400
2023-07-28 00:00:00,8569.3779296875,9225.0,9125.0,9200.0,74510200
2023-07-31 00:00:00,8569.3779296875,9200.0,9100.0,9175.0,80868000
2023-08-01 00:00:00,8569.3779296875,9175.0,9100.0,9175.0,49756400
2023-08-02 00:00:00,8639.8115234375,9200.0,9125.0,9125.0,60629900
2023-08-03 00:00:00,8686.765625,9300.0,9150.0,9150.0,64596100
2023-08-04 00:00:00,8592.8564453125,9275.0,9125.0,9250.0,52675900
2023-08-07 00:00:00,8710.24609375,9275.0,9150.0,9150.0,55589300
2023-08-08 00:00:00,8639.8115234375,9300.0,9200.0,9275.0,43373400
2023-08-09 00:00:00,8827.6337890625,9400.0,9250.0,9275.0,77056800
2023-08-10 00:00:00,8827.6337890625,9425.0,9350.0,9400.0,76738100
2023-08-11 00:00:00,8827.6337890625,9450.0,9375.0,9425.0,68898600
2023-08-14 00:00:00,8780.677734375,9350.0,9225.0,9325.0,75495400
2023-08-15 00:00:00,8733.72265625,9375.0,9300.0,9325.0,59303700
2023-08-16 00:00:00,8733.72265625,9325.0,9250.0,9275.0,53440000
2023-08-18 00:00:00,8686.765625,9350.0,9250.0,9250.0,79328900
2023-08-21 00:00:00,8616.3330078125,9250.0,9175.0,9225.0,73573000
2023-08-22 00:00:00,8733.72265625,9325.0,9150.0,9150.0,65664600
2023-08-23 00:00:00,8733.72265625,9325.0,9275.0,9300.0,63749800
2023-08-24 00:00:00,8639.8115234375,9325.0,9200.0,9250.0,53725900
2023-08-25 00:00:00,8710.24609375,9275.0,9175.0,9200.0,50379000
2023-08-28 00:00:00,8639.8115234375,9250.0,9200.0,9250.0,44423100
2023-08-29 00:00:00,8686.765625,9300.0,9200.0,9275.0,45428500
2023-08-30 00:00:00,8639.8115234375,9300.0,9200.0,9300.0,56227000
2023-08-31 00:00:00,8616.3330078125,9225.0,9100.0,9200.0,136107200
2023-09-01 00:00:00,8663.2890625,9275.0,9175.0,9200.0,42152700
2023-09-04 00:00:00,8663.2890625,9275.0,9175.0,9225.0,40610600
2023-09-05 00:00:00,8663.2890625,9250.0,9200.0,9250.0,42007200
2023-09-06 00:00:00,8592.8564453125,9250.0,9150.0,9200.0,49318400
2023-09-07 00:00:00,8616.3330078125,9175.0,9100.0,9125.0,61405200
2023-09-08 00:00:00,8569.3779296875,9150.0,9050.0,9100.0,80732300
2023-09-11 00:00:00,8569.3779296875,9125.0,9075.0,9075.0,53155900
2023-09-12 00:00:00,8545.9013671875,9125.0,9075.0,9100.0,66479000
2023-09-13 00:00:00,8522.4228515625,9075.0,9000.0,9050.0,69490200
2023-09-14 00:00:00,8545.9013671875,9125.0,9000.0,9000.0,112757900
2023-09-15 00:00:00,8451.9892578125,9100.0,9000.0,9050.0,121005300
2023-09-18 00:00:00,8451.9892578125,9075.0,9000.0,9050.0,34272200
2023-09-19 00:00:00,8522.4228515625,9075.0,8975.0,9000.0,33325800
2023-09-20 00:00:00,8592.8564453125,9175.0,9075.0,9125.0,54305500
2023-09-21 00:00:00,8569.3779296875,9150.0,9075.0,9125.0,40607000
2023-09-22 00:00:00,8522.4228515625,9150.0,9075.0,9125.0,42445300
2023-09-25 00:00:00,8451.9892578125,9075.0,9000.0,9075.0,56132200
2023-09-26 00:00:00,8405.033203125,9025.0,8950.0,9000.0,73544700
2023-09-27 00:00:00,8334.6005859375,9000.0,8875.0,8900.0,84345000
2023-09-29 00:00:00,8287.6455078125,8900.0,8825.0,8825.0,118960000
2023-10-02 00:00:00,8522.4228515625,9100.0,8875.0,8900.0,93663000
2023-10-03 00:00:00,8639.8115234375,9200.0,9025.0,9075.0,98380200
2023-10-04 00:00:00,8639.8115234375,9250.0,9125.0,9200.0,112582800
2023-10-05 00:00:00,8522.4228515625,9200.0,9075.0,9200.0,72855700
2023-10-06 00:00:00,8475.4677734375,9100.0,9025.0,9100.0,53344400
2023-10-09 00:00:00,8498.9453125,9125.0,9025.0,9025.0,43774500
2023-10-10 00:00:00,8381.556640625,9000.0,8925.0,9000.0,71966100
2023-10-11 00:00:00,8381.556640625,9025.0,8925.0,8925.0,84305800
2023-10-12 00:00:00,8498.9453125,9100.0,9000.0,9000.0,71064500
2023-10-13 00:00:00,8522.4228515625,9125.0,9025.0,9100.0,62941800
2023-10-16 00:00:00,8545.9013671875,9125.0,9050.0,9125.0,29429200
2023-10-17 00:00:00,8405.033203125,9075.0,8950.0,9050.0,59606000
2023-10-18 00:00:00,8311.123046875,8950.0,8850.0,8925.0,50919200
2023-10-19 00:00:00,8217.212890625,8850.0,8750.0,8825.0,89509700
2023-10-20 00:00:00,8428.51171875,9025.0,8725.0,8725.0,64554500
2023-10-23 00:00:00,8311.123046875,8925.0,8850.0,8875.0,50633500
2023-10-24 00:00:00,8240.689453125,8875.0,8775.0,8775.0,76963200
2023-10-25 00:00:00,8334.6005859375,8925.0,8825.0,8825.0,54748400
2023-10-26 00:00:00,8193.734375,8950.0,8725.0,8925.0,63199400
2023-10-27 00:00:00,8170.25634765625,8800.0,8700.0,8725.0,52450700
2023-10-30 00:00:00,8311.123046875,8850.0,8700.0,8700.0,51958200
2023-10-31 00:00:00,8217.212890625,8825.0,8725.0,8800.0,64907600
2023-11-01 00:00:00,8076.345703125,8775.0,8600.0,8750.0,67027600
2023-11-02 00:00:00,8311.123046875,8900.0,8725.0,8725.0,56050900
2023-11-03 00:00:00,8358.078125,8950.0,8850.0,8925.0,60414100
2023-11-06 00:00:00,8498.9453125,9050.0,8950.0,8975.0,84994200
2023-11-07 00:00:00,8428.51171875,9025.0,8900.0,9000.0,60648200
2023-11-08 00:00:00,8451.9892578125,9000.0,8900.0,8950.0,31829300
2023-11-09 00:00:00,8451.9892578125,9050.0,8900.0,8900.0,46076800
2023-11-10 00:00:00,8287.6455078125,9000.0,8825.0,8950.0,50754600
2023-11-13 00:00:00,8334.6005859375,8925.0,8850.0,8875.0,20827700
2023-11-14 00:00:00,8381.556640625,8950.0,8875.0,8900.0,37195700
2023-11-15 00:00:00,8498.9453125,9050.0,8950.0,8975.0,84977900
2023-11-16 00:00:00,8522.4228515625,9075.0,8950.0,9050.0,48714300
2023-11-17 00:00:00,8522.4228515625,9075.0,8975.0,9025.0,57050500
2023-11-20 00:00:00,8334.6005859375,9025.0,8875.0,8975.0,49216000
2023-11-21 00:00:00,8240.689453125,8900.0,8775.0,8825.0,107614800
2023-11-22 00:00:00,8334.6005859375,8875.0,8775.0,8775.0,40364800
2023-11-23 00:00:00,8381.556640625,8975.0,8850.0,8850.0,55542100
2023-11-24 00:00:00,8381.556640625,8975.0,8900.0,8925.0,43631900
2023-11-27 00:00:00,8334.6005859375,8950.0,8875.0,8900.0,35679000
2023-11-28 00:00:00,8334.6005859375,8950.0,8850.0,8875.0,69070600
2023-11-29 00:00:00,8358.078125,8950.0,8900.0,8900.0,54715600
2023-11-30 00:00:00,8428.51171875,8975.0,8900.0,8925.0,205312100
2023-12-01 00:00:00,8405.033203125,8975.0,8900.0,8925.0,80566400
2023-12-04 00:00:00,8421.546875,9025.0,8925.0,8950.0,54747400
2023-12-05 00:00:00,8397.9560546875,8950.0,8825.0,8950.0,94363900
2023-12-06 00:00:00,8303.59765625,8950.0,8800.0,8850.0,81852800
2023-12-07 00:00:00,8327.1875,8825.0,8725.0,8750.0,91322500
2023-12-08 00:00:00,8256.41796875,8850.0,8750.0,8800.0,43891600
2023-12-11 00:00:00,8256.41796875,8775.0,8675.0,8675.0,78642800
2023-12-12 00:00:00,8209.23828125,8750.0,8700.0,8700.0,87589300
2023-12-13 00:00:00,8185.6494140625,8750.0,8675.0,8700.0,51560500
2023-12-14 00:00:00,8539.4951171875,9050.0,8750.0,8775.0,115332800
2023-12-15 00:00:00,8704.6240234375,9225.0,9075.0,9125.0,275013500
2023-12-18 00:00:00,8681.03515625,9225.0,9150.0,9200.0,111712200
2023-12-19 00:00:00,8728.2138671875,9250.0,9125.0,9125.0,65174500
2023-12-20 00:00:00,8775.3935546875,9300.0,9225.0,9250.0,72938100
2023-12-21 00:00:00,8798.982421875,9325.0,9250.0,9300.0,88116700
2023-12-22 00:00:00,8798.982421875,9350.0,9275.0,9275.0,64449600
2023-12-27 00:00:00,8846.162109375,9400.0,9325.0,9375.0,64464700
2023-12-28 00:00:00,8869.7529296875,9425.0,9325.0,9325.0,70184600
2023-12-29 00:00:00,8869.7529296875,9450.0,9350.0,9425.0,79903400
2024-01-02 00:00:00,8893.341796875,9425.0,9350.0,9400.0,30545200
2024-01-03 00:00:00,8822.5732421875,9425.0,9325.0,9425.0,34603300
2024-01-04 00:00:00,8940.521484375,9475.0,9375.0,9400.0,56501800
2024-01-05 00:00:00,9034.880859375,9600.0,9475.0,9500.0,85290100
2024-01-08 00:00:00,9034.880859375,9625.0,9475.0,9600.0,50896000
2024-01-09 00:00:00,9082.060546875,9625.0,9575.0,9600.0,59848600
2024-01-10 00:00:00,9011.291015625,9650.0,9550.0,9650.0,52774900
2024-01-11 00:00:00,9034.880859375,9650.0,9575.0,9625.0,39381500
2024-01-12 00:00:00,9152.8291015625,9700.0,9600.0,9650.0,68253400
2024-01-15 00:00:00,9176.4189453125,9750.0,9650.0,9750.0,88399500
2024-01-16 00:00:00,9152.8291015625,9750.0,9675.0,9700.0,44869200
2024-01-17 00:00:00,9200.0087890625,9750.0,9650.0,9750.0,107706100
2024-01-18 00:00:00,9129.240234375,9750.0,9625.0,9675.0,71048900
2024-01-19 00:00:00,9082.060546875,9775.0,9600.0,9775.0,63176500
2024-01-22 00:00:00,9082.060546875,9650.0,9525.0,9600.0,52868300
2024-01-23 00:00:00,9058.4697265625,9600.0,9450.0,9450.0,92348600
2024-01-24 00:00:00,8987.701171875,9600.0,9475.0,9600.0,84906000
2024-01-25 00:00:00,8964.111328125,9575.0,9450.0,9450.0,63212700
2024-01-26 00:00:00,8822.5732421875,9450.0,9300.0,9400.0,78977300
2024-01-29 00:00:00,9011.291015625,9550.0,9375.0,9400.0,73452800
2024-01-30 00:00:00,9105.6494140625,9650.0,9475.0,9500.0,73136400
2024-01-31 00:00:00,9011.291015625,9700.0,9550.0,9700.0,102581200
2024-02-01 00:00:00,9152.8291015625,9725.0,9575.0,9650.0,104208700
2024-02-02 00:00:00,9152.8291015625,9800.0,9625.0,9775.0,99324000
2024-02-05 00:00:00,9034.880859375,9675.0,9525.0,9675.0,57983300
2024-02-06 00:00:00,9082.060546875,9750.0,9625.0,9750.0,87651000
2024-02-07 00:00:00,9152.8291015625,9725.0,9650.0,9700.0,92953500
2024-02-12 00:00:00,9247.1884765625,9800.0,9700.0,9750.0,87949400
2024-02-13 00:00:00,9176.4189453125,9800.0,9700.0,9750.0,66072400
2024-02-15 00:00:00,9294.3681640625,9975.0,9850.0,9950.0,164748900
2024-02-16 00:00:00,9388.7275390625,10000.0,9875.0,9975.0,142277200
2024-02-19 00:00:00,9317.9580078125,9975.0,9825.0,9900.0,53341300
2024-02-20 00:00:00,9459.4970703125,10025.0,9850.0,9850.0,63997700
2024-02-21 00:00:00,9412.3173828125,10000.0,9850.0,9950.0,75371600
2024-02-22 00:00:00,9317.9580078125,9975.0,9875.0,9975.0,66913000
2024-02-23 00:00:00,9270.779296875,9925.0,9800.0,9900.0,55192300
2024-02-26 00:00:00,9247.1884765625,9875.0,9725.0,9750.0,41356000
2024-02-27 00:00:00,9317.9580078125,9900.0,9750.0,9750.0,43735800
2024-02-28 00:00:00,9435.90625,10000.0,9900.0,9975.0,54043100
2024-02-29 00:00:00,9317.9580078125,10000.0,9850.0,10000.0,126671200
2024-03-01 00:00:00,9270.779296875,9925.0,9800.0,9900.0,51520600
2024-03-04 00:00:00,9200.0087890625,9825.0,9750.0,9800.0,43822900
2024-03-05 00:00:00,9247.1884765625,9900.0,9775.0,9900.0,61952900
2024-03-06 00:00:00,9388.7275390625,10000.0,9775.0,9900.0,70242200
2024-03-07 00:00:00,9553.85546875,10175.0,10000.0,10050.0,118369300
2024-03-08 00:00:00,9577.4462890625,10300.0,10125.0,10250.0,100947200
2024-03-13 00:00:00,9435.90625,10400.0,10000.0,10400.0,141622600
2024-03-14 00:00:00,9742.5732421875,10325.0,10025.0,10050.0,110681100
2024-03-15 00:00:00,9577.4462890625,10300.0,10050.0,10200.0,154176800
2024-03-18 00:00:00,9577.4462890625,10275.0,10150.0,10175.0,62444100
2024-03-19 00:00:00,9601.03515625,10250.0,10150.0,10150.0,55004800
2024-03-20 00:00:00,9553.85546875,10150.0,10075.0,10100.0,66269700
2024-03-21 00:00:00,9553.85546875,10225.0,10050.0,10175.0,90279400
2024-03-22 00:00:00,9530.265625,10125.0,9950.0,10000.0,91968200
2024-03-25 00:00:00,9725.74609375,10075.0,9925.0,10075.0,66971000
2024-03-26 00:00:00,9701.6123046875,10050.0,9950.0,10050.0,65742700
2024-03-27 00:00:00,9725.74609375,10075.0,10000.0,10025.0,39514100
2024-03-28 00:00:00,9725.74609375,10100.0,9975.0,10025.0,79229700
2024-04-01 00:00:00,9508.5458984375,10100.0,9825.0,10075.0,79248700
2024-04-02 00:00:00,9556.8125,9950.0,9800.0,9925.0,76763100
2024-04-03 00:00:00,9194.8125,9800.0,9525.0,9750.0,177418400
2024-04-04 00:00:00,9508.5458984375,9850.0,9575.0,9575.0,75993500
2024-04-05 00:00:00,9484.4130859375,9950.0,9825.0,9950.0,70428600
2024-04-16 00:00:00,9146.544921875,9575.0,9250.0,9350.0,283265900
2024-04-17 00:00:00,9194.8125,9675.0,9525.0,9550.0,95620700
2024-04-18 00:00:00,9146.544921875,9575.0,9450.0,9525.0,127134000
2024-04-19 00:00:00,9146.544921875,9500.0,9300.0,9350.0,147784300
2024-04-22 00:00:00,9025.87890625,9425.0,9350.0,9400.0,128908000
2024-04-23 00:00:00,9387.8798828125,9775.0,9400.0,9400.0,178833000
2024-04-24 00:00:00,9605.0791015625,9950.0,9750.0,9825.0,132832700
2024-04-25 00:00:00,9436.1455078125,10000.0,9700.0,10000.0,104874100
2024-04-26 00:00:00,9291.345703125,9825.0,9625.0,9700.0,100932900
2024-04-29 00:00:00,9460.279296875,9850.0,9525.0,9525.0,90063500
2024-04-30 00:00:00,9460.279296875,10050.0,9800.0,10050.0,109623000
2024-05-02 00:00:00,9218.9453125,9900.0,9500.0,9900.0,97079400
2024-05-03 00:00:00,9508.5458984375,9850.0,9675.0,9750.0,81200400
2024-05-06 00:00:00,9460.279296875,9875.0,9775.0,9850.0,53076200
2024-05-07 00:00:00,9363.74609375,9750.0,9625.0,9700.0,66746800
2024-05-08 00:00:00,9050.01171875,9700.0,9375.0,9600.0,112808900
2024-05-13 00:00:00,9194.8125,9525.0,9200.0,9200.0,145469900
2024-05-14 00:00:00,9218.9453125,9675.0,9525.0,9625.0,95363500
2024-05-15 00:00:00,9170.6787109375,9600.0,9425.0,9500.0,54741900
2024-05-16 00:00:00,9267.2119140625,9675.0,9525.0,9575.0,61126000
2024-05-17 00:00:00,9412.01171875,9850.0,9575.0,9600.0,99848500
2024-05-20 00:00:00,9146.544921875,9800.0,9475.0,9700.0,87890100
2024-05-21 00:00:00,9050.01171875,9575.0,9375.0,9450.0,75311400
2024-05-22 00:00:00,9098.279296875,9575.0,9325.0,9475.0,121712700
2024-05-27 00:00:00,8977.6123046875,9375.0,9275.0,9300.0,128578500
2024-05-28 00:00:00,8977.6123046875,9400.0,9300.0,9300.0,73945700
2024-05-29 00:00:00,8832.8125,9325.0,9150.0,9275.0,117351600
2024-05-30 00:00:00,8688.01171875,9250.0,8775.0,9000.0,207115100
2024-05-31 00:00:00,8929.345703125,9250.0,9025.0,9100.0,756431600
2024-06-03 00:00:00,8953.478515625,9350.0,9225.0,9350.0,72197700
2024-06-04 00:00:00,9025.87890625,9525.0,9350.0,9525.0,75353100
2024-06-05 00:00:00,9122.4130859375,9500.0,9300.0,9500.0,82087300
2024-06-06 00:00:00,9146.544921875,9525.0,9450.0,9525.0,44991300
2024-06-07 00:00:00,9001.7451171875,9500.0,9325.0,9500.0,51599800
2024-06-10 00:00:00,9194.8125,9525.0,9450.0,9500.0,45584700
2024-06-11 00:00:00,8977.6123046875,9550.0,9300.0,9550.0,68690900
2024-06-12 00:00:00,8929.345703125,9325.0,9250.0,9300.0,49785700
2024-06-13 00:00:00,8881.078125,9475.0,9200.0,9475.0,84652200
2024-06-14 00:00:00,8881.078125,9250.0,9100.0,9200.0,52986300
2024-06-19 00:00:00,8736.2783203125,9250.0,9050.0,9250.0,100051000
2024-06-20 00:00:00,9098.279296875,9425.0,9100.0,9150.0,81474800
2024-06-21 00:00:00,9267.2119140625,9675.0,9400.0,9475.0,166841200
2024-06-24 00:00:00,9267.2119140625,9750.0,9575.0,9600.0,79592300
2024-06-25 00:00:00,9267.2119140625,9600.0,9450.0,9600.0,80029000
2024-06-26 00:00:00,9170.6787109375,9650.0,9450.0,9525.0,77913200
2024-06-27 00:00:00,9412.01171875,9750.0,9550.0,9575.0,89150700
2024-06-28 00:00:00,9580.9462890625,9975.0,9775.0,9800.0,166172300
2024-07-01 00:00:00,9532.6796875,9900.0,9825.0,9850.0,68634600
2024-07-02 00:00:00,9556.8125,10000.0,9850.0,10000.0,78848500
2024-07-03 00:00:00,9653.3466796875,10000.0,9925.0,9975.0,55860200
2024-07-04 00:00:00,9484.4130859375,10000.0,9825.0,9975.0,67054000
2024-07-05 00:00:00,9605.0791015625,9975.0,9875.0,9925.0,36946900
2024-07-08 00:00:00,9701.6123046875,10050.0,9950.0,10000.0,72903600
2024-07-09 00:00:00,9725.74609375,10150.0,10075.0,10100.0,61853200
2024-07-10 00:00:00,9749.8798828125,10225.0,10050.0,10175.0,62325900
2024-07-11 00:00:00,9725.74609375,10125.0,10000.0,10000.0,55908400
2024-07-12 00:00:00,9725.74609375,10100.0,10025.0,10050.0,62646500
2024-07-15 00:00:00,9701.6123046875,10075.0,9950.0,10050.0,36682600
2024-07-16 00:00:00,9605.0791015625,10025.0,9950.0,9975.0,37192700
2024-07-17 00:00:00,9460.279296875,9950.0,9800.0,9900.0,90666000
2024-07-18 00:00:00,9749.8798828125,10100.0,9800.0,9800.0,65383200
2024-07-19 00:00:00,9774.013671875,10125.0,9975.0,10050.0,53880300
2024-07-22 00:00:00,9749.8798828125,10150.0,10100.0,10125.0,31285300
2024-07-23 00:00:00,9822.279296875,10200.0,10125.0,10200.0,39321100
2024-07-24 00:00:00,9725.74609375,10175.0,10075.0,10125.0,24658000
2024-07-25 00:00:00,9942.9462890625,10300.0,10200.0,10225.0,98088100
2024-07-26 00:00:00,9967.080078125,10400.0,10300.0,10375.0,75565800
2024-07-29 00:00:00,9894.6796875,10425.0,10175.0,10400.0,69092500
2024-07-30 00:00:00,9822.279296875,10300.0,10175.0,10300.0,32122900
2024-07-31 00:00:00,9918.8134765625,10350.0,10225.0,10350.0,82519900
2024-08-01 00:00:00,10015.3466796875,10375.0,10200.0,10200.0,61176200
2024-08-02 00:00:00,9846.4130859375,10350.0,10200.0,10275.0,55699900
2024-08-05 00:00:00,9532.6796875,10150.0,9875.0,10000.0,126328300
2024-08-06 00:00:00,9653.3466796875,10075.0,9950.0,10075.0,78473900
2024-08-07 00:00:00,9749.8798828125,10100.0,10000.0,10000.0,52327400
2024-08-08 00:00:00,9870.546875,10225.0,10075.0,10150.0,54162100
2024-08-09 00:00:00,9798.146484375,10250.0,10100.0,10225.0,47062400
2024-08-12 00:00:00,9846.4130859375,10200.0,10075.0,10100.0,40364100
2024-08-13 00:00:00,9942.9462890625,10300.0,10175.0,10250.0,55207100
2024-08-14 00:00:00,9846.4130859375,10300.0,10200.0,10300.0,47999100
2024-08-15 00:00:00,9870.546875,10300.0,10175.0,10200.0,33396600
2024-08-16 00:00:00,9967.080078125,10325.0,10250.0,10300.0,40731400
2024-08-19 00:00:00,10015.3466796875,10425.0,10275.0,10325.0,51054400
2024-08-20 00:00:00,10063.6142578125,10450.0,10300.0,10325.0,60304400
2024-08-21 00:00:00,10063.6142578125,10500.0,10425.0,10500.0,84848800
2024-08-22 00:00:00,9967.080078125,10400.0,10225.0,10350.0,56611600
2024-08-23 00:00:00,9967.080078125,10375.0,10300.0,10325.0,46651600
2024-08-26 00:00:00,9967.080078125,10375.0,10250.0,10275.0,35145600
2024-08-27 00:00:00,9846.4130859375,10300.0,10175.0,10275.0,60448400
2024-08-28 00:00:00,9991.212890625,10350.0,10250.0,10300.0,38489900
2024-08-29 00:00:00,9870.546875,10500.0,10225.0,10500.0,53004700
2024-08-30 00:00:00,9967.080078125,10325.0,10200.0,10325.0,158403700
2024-09-02 00:00:00,9918.8134765625,10375.0,10200.0,10375.0,72008600
2024-09-03 00:00:00,9822.279296875,10325.0,10150.0,10325.0,50950200
2024-09-04 00:00:00,9942.9462890625,10300.0,10125.0,10150.0,44817000
2024-09-05 00:00:00,9894.6796875,10350.0,10250.0,10350.0,39332900
2024-09-06 00:00:00,9942.9462890625,10300.0,10225.0,10225.0,31541800
2024-09-09 00:00:00,9918.8134765625,10350.0,10200.0,10300.0,36185100
2024-09-10 00:00:00,9991.212890625,10350.0,10275.0,10350.0,55093100
2024-09-11 00:00:00,10063.6142578125,10425.0,10350.0,10425.0,64621300
2024-09-12 00:00:00,10111.8798828125,10500.0,10375.0,10450.0,70759100
2024-09-13 00:00:00,10063.6142578125,10425.0,10325.0,10400.0,70057100
2024-09-17 00:00:00,10136.013671875,10500.0,10350.0,10450.0,89745000
2024-09-18 00:00:00,10256.6806640625,10625.0,10450.0,10500.0,65420200
2024-09-19 00:00:00,10522.1474609375,10900.0,10650.0,10700.0,140886600
2024-09-20 00:00:00,10401.48046875,10900.0,10775.0,10900.0,142194600
2024-09-23 00:00:00,10570.4140625,10950.0,10725.0,10725.0,72553800
2024-09-24 00:00:00,10425.6142578125,10950.0,10775.0,10775.0,105191100
2024-09-25 00:00:00,10473.880859375,10850.0,10525.0,10675.0,158369100
2024-09-26 00:00:00,10329.0810546875,10875.0,10675.0,10875.0,84960100
2024-09-27 00:00:00,10280.8134765625,10750.0,10400.0,10500.0,93027400
2024-09-30 00:00:00,9967.080078125,10550.0,10325.0,10475.0,144692100
2024-10-01 00:00:00,10184.2802734375,10550.0,10375.0,10400.0,59797700
2024-10-02 00:00:00,10136.013671875,10550.0,10325.0,10325.0,86746200
2024-10-03 00:00:00,10087.74609375,10525.0,10400.0,10450.0,60887000
2024-10-04 00:00:00,10111.8798828125,10475.0,10350.0,10400.0,58500400
2024-10-07 00:00:00,9942.9462890625,10375.0,10250.0,10350.0,91867900
2024-10-08 00:00:00,10039.48046875,10500.0,10150.0,10200.0,99622900
2024-10-09 00:00:00,10063.6142578125,10525.0,10400.0,10400.0,56835200
2024-10-10 00:00:00,10136.013671875,10500.0,10400.0,10425.0,51080000
2024-10-11 00:00:00,10015.3466796875,10575.0,10375.0,10575.0,44632100
2024-10-14 00:00:00,10136.013671875,10500.0,10375.0,10375.0,31738600
2024-10-15 00:00:00,10256.6806640625,10625.0,10450.0,10550.0,66635200
2024-10-16 00:00:00,10111.8798828125,10725.0,10475.0,10700.0,63255900
2024-10-17 00:00:00,10353.212890625,10800.0,10500.0,10550.0,66993300
2024-10-18 00:00:00,10377.3466796875,10875.0,10725.0,10875.0,56299600
2024-10-21 00:00:00,10304.947265625,10850.0,10675.0,10850.0,36472500
2024-10-22 00:00:00,10136.013671875,10600.0,10475.0,10475.0,94799500
2024-10-23 00:00:00,10280.8134765625,10650.0,10475.0,10475.0,48903000
2024-10-24 00:00:00,10329.0810546875,10850.0,10700.0,10725.0,85341200
2024-10-25 00:00:00,10377.3466796875,10750.0,10625.0,10650.0,34847500
2024-10-28 00:00:00,10232.546875,10825.0,10600.0,10825.0,39061500
2024-10-29 00:00:00,10136.013671875,10575.0,10500.0,10525.0,49680100
2024-10-30 00:00:00,9991.212890625,10400.0,10275.0,10275.0,114484100
2024-10-31 00:00:00,9894.6796875,10475.0,10250.0,10325.0,97553400
2024-11-01 00:00:00,10063.6142578125,10425.0,10275.0,10275.0,47710000
2024-11-04 00:00:00,10015.3466796875,10500.0,10300.0,10425.0,49275700
2024-11-05 00:00:00,10136.013671875,10575.0,10300.0,10300.0,50296500
2024-11-06 00:00:00,10087.74609375,10500.0,10375.0,10475.0,50324900
2024-11-07 00:00:00,9822.279296875,10450.0,10175.0,10325.0,131579100
2024-11-08 00:00:00,9725.74609375,10225.0,10050.0,10200.0,92166100
2024-11-11 00:00:00,9701.6123046875,10050.0,9800.0,9800.0,128707600
2024-11-12 00:00:00,9798.146484375,10225.0,10000.0,10100.0,80378500
2024-11-13 00:00:00,9798.146484375,10250.0,10150.0,10225.0,62933100
2024-11-14 00:00:00,9749.8798828125,10175.0,10050.0,10125.0,56381400
2024-11-15 00:00:00,9822.279296875,10275.0,10050.0,10050.0,63598200
2024-11-18 00:00:00,9653.3466796875,10125.0,10000.0,10075.0,65716200
2024-11-19 00:00:00,9580.9462890625,10025.0,9900.0,9900.0,85295300
2024-11-20 00:00:00,9725.74609375,10150.0,10000.0,10025.0,58584400
2024-11-21 00:00:00,9555.970703125,10000.0,9850.0,10000.0,93181200
2024-11-22 00:00:00,9555.970703125,9950.0,9850.0,9925.0,58396100
2024-11-25 00:00:00,9871.2685546875,10200.0,9900.0,9950.0,165369400
2024-11-26 00:00:00,9701.4931640625,10250.0,10000.0,10250.0,62310100
2024-11-28 00:00:00,9701.4931640625,10075.0,9925.0,9975.0,57443500
2024-11-29 00:00:00,9701.4931640625,10100.0,9950.0,10000.0,76886000
2024-12-02 00:00:00,9458.955078125,10050.0,9750.0,10000.0,87879600
2024-12-03 00:00:00,9895.5224609375,10225.0,9900.0,10025.0,126087100
2024-12-04 00:00:00,9895.5224609375,10250.0,10050.0,10175.0,97876300
2024-12-05 00:00:00,9944.0302734375,10350.0,10225.0,10250.0,96904400
2024-12-06 00:00:00,9774.25390625,10175.0,10050.0,10100.0,68247200
2024-12-09 00:00:00,10041.044921875,10350.0,10000.0,10025.0,64458400
2024-12-10 00:00:00,10041.044921875,10350.0,10275.0,10325.0,61230400
2024-12-11 00:00:00,10113.806640625,10425.0,10225.0,10225.0,37934300
2024-12-12 00:00:00,9871.2685546875,10375.0,10175.0,10300.0,44780100
2024-12-13 00:00:00,9750.0,10225.0,10025.0,10125.0,75126400
2024-12-16 00:00:00,9798.5078125,10125.0,10000.0,10000.0,57746100
2024-12-17 00:00:00,9604.4775390625,10050.0,9900.0,9950.0,99845900
2024-12-18 00:00:00,9507.462890625,10025.0,9800.0,9900.0,84868500
2024-12-19 00:00:00,9386.1943359375,9775.0,9550.0,9700.0,104254100
2024-12-20 00:00:00,9361.9404296875,9750.0,9625.0,9650.0,91576900
2024-12-23 00:00:00,9483.208984375,9850.0,9700.0,9700.0,43292100
2024-12-24 00:00:00,9458.955078125,9900.0,9750.0,9850.0,32415700
2024-12-27 00:00:00,9507.462890625,9825.0,9725.0,9800.0,24016700
2024-12-30 00:00:00,9386.1943359375,9825.0,9675.0,9800.0,56350100
2025-01-02 00:00:00,9604.4775390625,9900.0,9650.0,9650.0,38124800
2025-01-03 00:00:00,9555.970703125,9925.0,9825.0,9850.0,41916000
2025-01-06 00:00:00,9386.1943359375,9875.0,9650.0,9850.0,41593900
2025-01-07 00:00:00,9240.671875,9725.0,9525.0,9675.0,71318600
2025-01-08 00:00:00,9386.1943359375,9775.0,9575.0,9675.0,55943100
2025-01-09 00:00:00,9555.970703125,9875.0,9725.0,9750.0,42733800
2025-01-10 00:00:00,9434.7021484375,9925.0,9725.0,9800.0,72531300
2025-01-13 00:00:00,9386.1943359375,9725.0,9625.0,9625.0,88270100
2025-01-14 00:00:00,9240.671875,9725.0,9525.0,9600.0,70942600
2025-01-15 00:00:00,9507.462890625,9800.0,9550.0,9575.0,77098000
2025-01-16 00:00:00,9458.955078125,9925.0,9750.0,9850.0,76979000
2025-01-17 00:00:00,9604.4775390625,9900.0,9650.0,9750.0,71033100
2025-01-20 00:00:00,9337.6865234375,9875.0,9625.0,9850.0,112111200
2025-01-21 00:00:00,9289.1796875,9675.0,9550.0,9600.0,124547900
2025-01-22 00:00:00,9313.4326171875,9675.0,9575.0,9650.0,90154800
2025-01-23 00:00:00,9313.4326171875,9750.0,9600.0,9600.0,120515400
2025-01-24 00:00:00,9070.8955078125,9650.0,9350.0,9625.0,152057000
2025-01-30 00:00:00,8876.8662109375,9275.0,9150.0,9150.0,154645800
2025-01-31 00:00:00,9167.9111328125,9500.0,9225.0,9250.0,112982800
2025-02-03 00:00:00,9070.8955078125,9400.0,9225.0,9400.0,90439900
2025-02-04 00:00:00,8901.1201171875,9400.0,9175.0,9350.0,94607700
2025-02-05 00:00:00,8852.6123046875,9175.0,9100.0,9100.0,98229900
2025-02-06 00:00:00,8682.8359375,9100.0,8850.0,9075.0,171477800
2025-02-07 00:00:00,9070.8955078125,9350.0,8825.0,8950.0,131162200
2025-02-10 00:00:00,8876.8662109375,9250.0,9025.0,9025.0,76209100
2025-02-11 00:00:00,8804.1044921875,9100.0,9000.0,9025.0,71188300
2025-02-12 00:00:00,8876.8662109375,9150.0,8950.0,8950.0,121172600
2025-02-13 00:00:00,8731.34375,9150.0,9000.0,9100.0,90439700
2025-02-14 00:00:00,8707.08984375,9075.0,8950.0,9000.0,116274500
2025-02-17 00:00:00,9046.6416015625,9325.0,8975.0,8975.0,89096400
2025-02-18 00:00:00,9022.388671875,9575.0,9250.0,9325.0,107318300
2025-02-19 00:00:00,8682.8359375,9250.0,8950.0,9225.0,154438200
2025-02-20 00:00:00,8731.34375,9025.0,8950.0,8975.0,119260800
2025-02-21 00:00:00,8731.34375,9000.0,8925.0,8950.0,106054700
2025-02-24 00:00:00,8658.58203125,8975.0,8875.0,8925.0,108530300
2025-02-25 00:00:00,8561.5673828125,9000.0,8825.0,8900.0,101592700
2025-02-26 00:00:00,8513.0595703125,8900.0,8725.0,8800.0,117843500
2025-02-27 00:00:00,8270.5224609375,8800.0,8500.0,8800.0,199991600
2025-02-28 00:00:00,8173.5078125,8675.0,8425.0,8525.0,293095000
2025-03-03 00:00:00,8537.3134765625,8900.0,8550.0,8600.0,192944300
2025-03-04 00:00:00,8585.8212890625,8925.0,8675.0,8900.0,125418500
2025-03-05 00:00:00,8731.34375,9175.0,8825.0,8825.0,155207900
2025-03-06 00:00:00,8707.08984375,9200.0,8975.0,9200.0,96270100
2025-03-07 00:00:00,8658.58203125,9000.0,8925.0,9000.0,82295300
2025-03-10 00:00:00,8658.58203125,8975.0,8725.0,8750.0,97652100
2025-03-11 00:00:00,8658.58203125,9050.0,8875.0,8950.0,109295600
2025-03-12 00:00:00,8852.6123046875,9125.0,8975.0,9025.0,87968900
2025-03-13 00:00:00,8707.08984375,9175.0,8975.0,9150.0,83030700
2025-03-14 00:00:00,8488.806640625,8925.0,8750.0,8800.0,111397800
2025-03-17 00:00:00,8343.2841796875,8775.0,8550.0,8750.0,151365700
2025-03-18 00:00:00,8052.23876953125,8550.0,8075.0,8500.0,417305700
2025-03-19 00:00:00,8076.49267578125,8400.0,8225.0,8300.0,214108200
2025-03-20 00:00:00,8125.0,8475.0,8350.0,8450.0,152917300
2025-03-21 00:00:00,7900.0,8275.0,7900.0,8275.0,377916400
2025-03-24 00:00:00,7950.0,8100.0,7625.0,7825.0,331836800
2025-03-25 00:00:00,8050.0,8150.0,8000.0,8075.0,136341700
2025-03-26 00:00:00,8525.0,8650.0,8275.0,8300.0,283104600
2025-03-27 00:00:00,8500.0,8575.0,8375.0,8425.0,122943900
2025-04-08 00:00:00,7775.0,8000.0,7275.0,7400.0,533073600
2025-04-09 00:00:00,7925.0,7950.0,7675.0,7700.0,136753900
2025-04-10 00:00:00,8225.0,8650.0,8175.0,8500.0,144148600
2025-04-11 00:00:00,8275.0,8325.0,8050.0,8200.0,82603000
2025-04-14 00:00:00,8400.0,8400.0,8250.0,8250.0,83319300
2025-04-15 00:00:00,8575.0,8600.0,8450.0,8575.0,83431800
2025-04-16 00:00:00,8475.0,8550.0,8425.0,8500.0,76874900
2025-04-17 00:00:00,8500.0,8500.0,8350.0,8450.0,83540600
2025-04-21 00:00:00,8300.0,8500.0,8300.0,8500.0,40683800
2025-04-22 00:00:00,8500.0,8500.0,8325.0,8325.0,56537100
2025-04-23 00:00:00,8725.0,8725.0,8550.0,8550.0,92329600
2025-04-24 00:00:00,8475.0,8850.0,8475.0,8850.0,143675300
2025-04-25 00:00:00,8600.0,8650.0,8575.0,8650.0,58297000
2025-04-28 00:00:00,8775.0,8775.0,8650.0,8750.0,73235400
2025-04-29 00:00:00,8725.0,8825.0,8700.0,8800.0,60315700
2025-04-30 00:00:00,8825.0,8925.0,8675.0,8800.0,164597500
2025-05-02 00:00:00,8975.0,9000.0,8850.0,9000.0,92219000
2025-05-05 00:00:00,8975.0,9050.0,8975.0,9000.0,86385600
2025-05-06 00:00:00,9025.0,9050.0,8975.0,9050.0,48860500
2025-05-07 00:00:00,9075.0,9100.0,9000.0,9075.0,77382000
2025-05-08 00:00:00,8975.0,9200.0,8925.0,9075.0,99614500
2025-05-09 00:00:00,9000.0,9050.0,8975.0,9050.0,47167500
2025-05-14 00:00:00,9275.0,9300.0,9150.0,9250.0,149002900
2025-05-15 00:00:00,9275.0,9400.0,9250.0,9275.0,101401300
2025-05-16 00:00:00,9300.0,9325.0,9225.0,9300.0,63007500
2025-05-19 00:00:00,9500.0,9500.0,9250.0,9275.0,111597200
