date,levels
2022-05-20,
2022-05-23,
2022-05-24,
2022-05-25,
2022-05-27,
2022-05-30,
2022-05-31,
2022-06-02,
2022-06-03,
2022-06-06,
2022-06-07,
2022-06-08,
2022-06-09,
2022-06-10,
2022-06-13,
2022-06-14,
2022-06-15,
2022-06-16,
2022-06-17,
2022-06-20,
2022-06-21,
2022-06-22,
2022-06-23,
2022-06-24,
2022-06-27,
2022-06-28,
2022-06-29,
2022-06-30,
2022-07-01,
2022-07-04,
2022-07-05,
2022-07-06,
2022-07-07,
2022-07-08,
2022-07-11,
2022-07-12,
2022-07-13,
2022-07-14,
2022-07-15,
2022-07-18,
2022-07-19,
2022-07-20,
2022-07-21,
2022-07-22,
2022-07-25,
2022-07-26,
2022-07-27,
2022-07-28,
2022-07-29,
2022-08-01,
2022-08-02,
2022-08-03,
2022-08-04,
2022-08-05,
2022-08-08,
2022-08-09,
2022-08-10,
2022-08-11,
2022-08-12,
2022-08-15,
2022-08-16,
2022-08-18,
2022-08-19,
2022-08-22,
2022-08-23,
2022-08-24,
2022-08-25,
2022-08-26,
2022-08-29,
2022-08-30,
2022-08-31,
2022-09-01,
2022-09-02,
2022-09-05,
2022-09-06,
2022-09-07,
2022-09-08,
2022-09-09,
2022-09-12,
2022-09-13,
2022-09-14,
2022-09-15,
2022-09-16,
2022-09-19,
2022-09-20,
2022-09-21,
2022-09-22,
2022-09-23,
2022-09-26,
2022-09-27,
2022-09-28,
2022-09-29,
2022-09-30,
2022-10-03,
2022-10-04,
2022-10-05,
2022-10-06,
2022-10-07,
2022-10-10,
2022-10-11,
2022-10-12,
2022-10-13,
2022-10-14,
2022-10-17,
2022-10-18,
2022-10-19,
2022-10-20,
2022-10-21,
2022-10-24,
2022-10-25,
2022-10-26,
2022-10-27,
2022-10-28,
2022-10-31,
2022-11-01,
2022-11-02,
2022-11-03,
2022-11-04,
2022-11-07,
2022-11-08,
2022-11-09,"3835.152563053723,4136.985936790261,4265.402782499773,4492.328763620472"
2022-11-10,"3835.152563053723,4136.985936790261,4265.402782499773,4492.328763620472,4637.936014502977"
2022-11-11,"3835.152563053723,4136.985936790261,4265.402782499773,4492.328763620472,4644.104358701892"
2022-11-14,"3835.152563053723,4136.985936790261,4265.402782499773,4492.328763620472,4644.104358701892"
2022-11-15,"3835.152563053723,4136.985936790261,4265.402782499773,4492.328763620472,4644.104358701892"
2022-11-16,"3835.152563053723,4136.985936790261,4265.402782499773,4492.328763620472,4644.104358701892"
2022-11-17,"3835.152563053723,4136.985936790261,4265.402782499773,4492.328763620472,4637.936014502977"
2022-11-18,"3835.152563053723,4136.985936790261,4265.402782499773,4492.328763620472,4637.936014502977"
2022-11-21,"3835.152563053723,4136.985936790261,4265.402782499773,4492.328763620472,4637.936014502977"
2022-11-22,"3835.152563053723,4136.985936790261,4265.402782499773,4492.328763620472,4637.936014502977"
2022-11-23,"3835.152563053723,4136.985936790261,4265.402782499773,4492.328763620472,4637.936014502977"
2022-11-24,"3835.152563053723,4136.985936790261,4265.402782499773,4492.328763620472,4637.936014502977"
2022-11-25,"3835.152563053723,4136.985936790261,4265.402782499773,4492.328763620472,4637.936014502977"
2022-11-28,"3835.152563053723,4136.985936790261,4265.402782499773,4492.328763620472,4637.936014502977"
2022-11-29,"3835.152563053723,4136.985936790261,4265.402782499773,4492.328763620472,4637.936014502977"
2022-11-30,"3835.3000928833885,4142.997774837334,4268.8456055620545,4496.576736349784,4640.467587535328"
2022-12-01,"3835.3000928833885,4142.997774837334,4268.8456055620545,4496.576736349784,4640.467587535328"
2022-12-02,"3835.3000928833885,4142.997774837334,4268.8456055620545,4496.576736349784,4640.467587535328"
2022-12-05,"3835.3000928833885,4142.997774837334,4268.8456055620545,4496.576736349784,4640.467587535328"
2022-12-06,"3835.3000928833885,4142.997774837334,4268.8456055620545,4489.500482297797,4640.467587535328"
2022-12-07,"3835.3000928833885,4142.997774837334,4268.8456055620545,4489.500482297797,4640.467587535328"
2022-12-08,"3835.3000928833885,4142.997774837334,4268.8456055620545,4489.500482297797,4640.467587535328"
2022-12-09,"3835.3000928833885,4142.997774837334,4268.8456055620545,4489.500482297797,4640.467587535328"
2022-12-12,"3835.3000928833885,4142.997774837334,4268.8456055620545,4489.500482297797,4640.467587535328"
2022-12-13,"3835.3000928833885,4142.997774837334,4268.8456055620545,4489.500482297797,4640.467587535328"
2022-12-14,"3835.3000928833885,4142.997774837334,4268.8456055620545,4489.500482297797,4640.467587535328"
2022-12-15,"3835.3000928833885,4142.997774837334,4268.8456055620545,4489.500482297797,4640.467587535328"
2022-12-16,"3835.3000928833885,4142.997774837334,4268.8456055620545,4489.500482297797,4640.467587535328"
2022-12-19,"3835.3000928833885,4142.997774837334,4268.8456055620545,4489.500482297797,4640.467587535328"
2022-12-20,"4142.997774837334,4268.8456055620545,4489.500482297797,4640.467587535328"
2022-12-21,"4142.997774837334,4268.8456055620545,4489.500482297797,4640.467587535328"
2022-12-22,"4142.997774837334,4268.8456055620545,4489.500482297797,4640.467587535328"
2022-12-23,"4142.997774837334,4268.8456055620545,4489.500482297797,4640.467587535328"
2022-12-26,"4142.997774837334,4268.8456055620545,4496.576736349784,4640.467587535328"
2022-12-27,"4142.997774837334,4268.8456055620545,4496.576736349784,4640.467587535328"
2022-12-28,"4142.997774837334,4268.8456055620545,4496.576736349784,4640.467587535328"
2022-12-29,"4146.378421524993,4269.530736476804,4492.183692049145,4639.879881628946"
2022-12-30,"4146.378421524993,4262.958780899444,4492.183692049145,4639.879881628946"
2023-01-02,"4148.24162389429,4263.55780056454,4490.195516595545,4636.156065087211"
2023-01-03,"4148.24162389429,4263.55780056454,4490.195516595545,4636.156065087211"
2023-01-04,"4146.43369829813,4263.15372967734,4494.644156453281,4639.529135485919"
2023-01-05,"4146.43369829813,4263.15372967734,4494.644156453281,4639.529135485919"
2023-01-06,"4146.43369829813,4263.15372967734,4494.644156453281,4639.529135485919"
2023-01-09,"4146.43369829813,4263.15372967734,4494.644156453281,4639.529135485919"
2023-01-10,"4147.326394465428,4265.102422610194,4493.591723475079,4638.880791181443"
2023-01-11,"4149.567152728871,4261.334487294601,4493.981499082062,4637.381271765896"
2023-01-12,"4149.464588270502,4263.236350016955,4494.934329267963,4639.954433781698"
2023-01-13,"4149.763917675939,4261.98019263905,4495.598324939414,4638.641918806117"
2023-01-16,"4148.722683088418,4259.381828520274,4382.595841783262,4494.5606987250085,4639.8198598703175"
2023-01-17,"4147.559992635073,4259.521626303279,4383.837330850077,4497.382809183154,4638.514415338816"
2023-01-18,"4147.559992635073,4259.521626303279,4383.837330850077,4497.382809183154,4638.514415338816"
2023-01-19,"4147.559992635073,4259.521626303279,4383.837330850077,4497.382809183154,4638.514415338816"
2023-01-20,"4150.5174486717715,4261.448377858804,4383.5951040569,4496.517773549831,4638.492255933953"
2023-01-24,"4150.5174486717715,4261.448377858804,4383.5951040569,4496.517773549831,4638.492255933953"
2023-01-25,"4150.5174486717715,4261.448377858804,4383.5951040569,4496.517773549831,4638.492255933953"
2023-01-26,"4150.5174486717715,4261.448377858804,4383.5951040569,4496.517773549831,4638.492255933953"
2023-01-27,"4150.5174486717715,4261.448377858804,4383.5951040569,4496.517773549831,4638.492255933953"
2023-01-30,"4150.5174486717715,4261.448377858804,4383.5951040569,4496.517773549831,4642.8637882961575"
2023-01-31,"4150.5174486717715,4383.5951040569,4496.517773549831,4642.8637882961575"
2023-02-01,"4150.5174486717715,4383.5951040569,4496.517773549831,4642.8637882961575"
2023-02-02,"4150.5174486717715,4383.5951040569,4496.517773549831,4642.8637882961575"
2023-02-03,"4150.5174486717715,4383.5951040569,4496.517773549831,4642.8637882961575"
2023-02-06,"4150.5174486717715,4383.5951040569,4496.517773549831,4642.8637882961575"
2023-02-07,"4150.5174486717715,4383.5951040569,4496.517773549831,4642.8637882961575"
2023-02-08,"4383.5951040569,4496.517773549831,4642.8637882961575"
2023-02-09,"4383.5951040569,4496.517773549831,4642.8637882961575"
2023-02-10,"4383.5951040569,4496.517773549831,4642.8637882961575"
2023-02-13,"4387.726409404165,4496.517773549831,4642.8637882961575"
2023-02-14,"4385.874851259279,4496.932350587421,4644.397807163295"
2023-02-15,"4385.874851259279,4496.932350587421,4644.397807163295"
2023-02-16,"4385.874851259279,4496.932350587421,4644.397807163295"
2023-02-17,"4385.874851259279,4496.932350587421,4640.65288456302"
2023-02-20,"4385.874851259279,4496.932350587421,4640.65288456302"
2023-02-21,"4385.874851259279,4496.932350587421,4640.65288456302"
2023-02-22,"4385.874851259279,4496.932350587421,4640.65288456302"
2023-02-23,"4385.874851259279,4496.932350587421,4640.65288456302"
2023-02-24,"4385.874851259279,4450.021515833265,4496.932350587421,4640.65288456302"
2023-02-27,"4385.874851259279,4450.021515833265,4496.932350587421,4640.65288456302"
2023-02-28,"4385.874851259279,4450.021515833265,4496.932350587421,4640.65288456302"
2023-03-01,"4385.874851259279,4450.021515833265,4496.932350587421,4640.65288456302"
2023-03-02,"4385.874851259279,4496.932350587421,4640.65288456302"
2023-03-03,"4385.874851259279,4496.932350587421,4640.65288456302"
2023-03-06,"4385.874851259279,4496.932350587421,4640.65288456302"
2023-03-07,"4385.874851259279,4450.021515833265,4500.561293326845,4640.65288456302"
2023-03-08,"4385.874851259279,4450.021515833265,4500.561293326845,4640.65288456302"
2023-03-09,"4385.874851259279,4450.021515833265,4500.561293326845,4640.65288456302"
2023-03-10,"4385.874851259279,4450.021515833265,4500.561293326845,4640.65288456302"
2023-03-13,"4385.874851259279,4450.021515833265,4500.561293326845,4640.65288456302"
2023-03-14,"4385.874851259279,4450.021515833265,4500.561293326845,4640.65288456302"
2023-03-15,"4385.874851259279,4450.021515833265,4500.561293326845,4640.65288456302"
2023-03-16,"4385.874851259279,4450.021515833265,4500.561293326845,4640.65288456302"
2023-03-17,"4385.874851259279,4450.021515833265,4475.22006035802,4500.561293326845,4640.65288456302"
2023-03-20,"4385.874851259279,4450.021515833265,4500.561293326845,4640.65288456302"
2023-03-21,"4385.874851259279,4475.22006035802,4500.561293326845,4640.65288456302"
2023-03-24,"4385.874851259279,4475.22006035802,4500.561293326845,4640.65288456302"
2023-03-27,"4385.874851259279,4475.22006035802,4500.561293326845,4640.65288456302"
2023-03-28,"4385.874851259279,4475.22006035802,4504.193164557155,4640.65288456302"
2023-03-29,"4385.874851259279,4475.22006035802,4504.193164557155,4640.65288456302"
2023-03-30,"4385.874851259279,4475.22006035802,4500.561293326845,4640.65288456302"
2023-03-31,"4385.874851259279,4475.22006035802,4500.561293326845,4640.65288456302"
2023-04-03,"4385.874851259279,4475.22006035802,4500.561293326845,4640.65288456302,4674.466188113126"
2023-04-04,"4389.414172613629,4475.22006035802,4500.561293326845,4640.65288456302,4674.466188113126"
2023-04-05,"4388.280161631049,4476.127631941342,4500.077890168865,4639.415666118974,4674.919082169147"
2023-04-06,"4388.280161631049,4476.127631941342,4500.077890168865,4639.415666118974,4674.919082169147"
2023-04-10,"4388.280161631049,4476.127631941342,4500.077890168865,4639.415666118974,4674.919082169147"
2023-04-11,"4388.280161631049,4476.127631941342,4500.077890168865,4639.415666118974,4674.919082169147"
2023-04-12,"4388.280161631049,4476.127631941342,4500.077890168865,4674.919082169147"
2023-04-13,"4388.280161631049,4476.127631941342,4510.381476185359,4674.919082169147"
2023-04-14,"4388.280161631049,4476.127631941342,4510.381476185359,4639.415666118974,4674.919082169147"
2023-04-17,"4388.280161631049,4476.127631941342,4510.381476185359,4639.415666118974,4674.919082169147"
2023-04-18,"4388.280161631049,4476.127631941342,4510.381476185359,4639.415666118974,4674.919082169147"
2023-04-26,"4388.280161631049,4476.127631941342,4510.381476185359,4639.415666118974,4674.919082169147"
2023-04-27,"4388.280161631049,4476.127631941342,4510.381476185359,4639.415666118974,4674.919082169147"
2023-04-28,"4388.280161631049,4476.127631941342,4510.381476185359,4639.415666118974,4674.919082169147,4750.363095564624"
2023-05-02,"4388.280161631049,4476.127631941342,4510.381476185359,4639.415666118974,4674.919082169147,4750.363095564624"
2023-05-03,"4388.280161631049,4476.127631941342,4510.381476185359,4639.415666118974,4674.919082169147,4739.511291781915"
2023-05-04,"4388.280161631049,4476.127631941342,4510.381476185359,4639.415666118974,4674.919082169147,4739.511291781915"
2023-05-05,"4388.280161631049,4476.127631941342,4510.381476185359,4639.415666118974,4674.919082169147,4739.511291781915"
2023-05-08,"4388.280161631049,4476.127631941342,4510.381476185359,4650.038286337739,4674.919082169147,4739.511291781915"
2023-05-09,"4388.280161631049,4476.127631941342,4510.381476185359,4650.038286337739,4674.919082169147,4739.511291781915"
2023-05-10,"4388.280161631049,4476.127631941342,4510.381476185359,4674.919082169147,4739.511291781915"
2023-05-11,"4388.280161631049,4476.127631941342,4510.381476185359,4576.18760509371,4674.919082169147,4739.511291781915"
2023-05-12,"4388.280161631049,4476.127631941342,4500.077890168865,4576.18760509371,4674.919082169147,4739.511291781915"
2023-05-15,"4388.280161631049,4448.911951627316,4476.127631941342,4500.077890168865,4576.18760509371,4674.919082169147,4739.511291781915"
2023-05-16,"4388.280161631049,4448.911951627316,4476.127631941342,4500.077890168865,4576.18760509371,4674.919082169147,4739.511291781915"
2023-05-17,"4384.936061944643,4448.911951627316,4476.127631941342,4500.077890168865,4576.18760509371,4674.919082169147,4739.511291781915"
2023-05-19,"4384.936061944643,4448.911951627316,4476.127631941342,4500.077890168865,4576.18760509371,4674.919082169147,4739.511291781915"
2023-05-22,"4448.911951627316,4476.127631941342,4500.077890168865,4576.18760509371,4674.919082169147,4739.511291781915"
2023-05-23,"4448.911951627316,4476.127631941342,4500.077890168865,4576.18760509371,4674.919082169147,4739.511291781915"
2023-05-24,"4448.911951627316,4476.127631941342,4503.509800885173,4576.18760509371,4611.207164486455,4674.919082169147,4739.511291781915"
2023-05-25,"4448.911951627316,4476.127631941342,4500.077890168865,4576.18760509371,4611.207164486455,4674.919082169147,4739.511291781915"
2023-05-26,"4448.911951627316,4476.127631941342,4500.077890168865,4576.18760509371,4611.207164486455,4674.919082169147,4739.511291781915"
2023-05-29,"4448.911951627316,4476.127631941342,4500.077890168865,4576.18760509371,4611.207164486455,4674.919082169147,4739.511291781915"
2023-05-30,"4448.911951627316,4476.127631941342,4503.509800885173,4576.18760509371,4611.207164486455,4674.919082169147,4739.511291781915"
2023-05-31,"4448.911951627316,4476.127631941342,4503.509800885173,4576.18760509371,4611.207164486455,4674.919082169147,4739.511291781915"
2023-06-05,"4448.024984867301,4473.418238210384,4502.158970383827,4573.193865849371,4612.411446953562,4675.194900401068,4738.83295280882"
2023-06-06,"4448.024984867301,4473.418238210384,4502.158970383827,4573.193865849371,4612.411446953562,4675.194900401068,4748.959950283951"
2023-06-07,"4448.024984867301,4473.418238210384,4502.158970383827,4573.193865849371,4612.411446953562,4675.194900401068,4748.959950283951"
2023-06-08,"4448.024984867301,4473.418238210384,4502.158970383827,4573.193865849371,4612.411446953562,4675.194900401068,4748.959950283951"
2023-06-09,"4448.024984867301,4473.418238210384,4502.158970383827,4573.193865849371,4612.411446953562,4675.194900401068,4748.959950283951"
2023-06-12,"4448.024984867301,4473.418238210384,4502.158970383827,4573.193865849371,4612.411446953562,4675.194900401068,4738.83295280882"
2023-06-13,"4448.024984867301,4473.418238210384,4502.158970383827,4573.193865849371,4612.411446953562,4675.194900401068,4738.83295280882"
2023-06-14,"4448.024984867301,4473.418238210384,4502.158970383827,4573.193865849371,4612.411446953562,4675.194900401068,4738.83295280882"
2023-06-15,"4448.024984867301,4473.418238210384,4502.158970383827,4573.193865849371,4612.411446953562,4675.194900401068,4738.83295280882"
2023-06-16,"4448.024984867301,4473.418238210384,4502.158970383827,4573.193865849371,4612.411446953562,4675.194900401068,4738.83295280882"
2023-06-19,"4448.024984867301,4473.418238210384,4502.158970383827,4573.193865849371,4612.411446953562,4675.194900401068,4738.83295280882"
2023-06-20,"4451.191241818064,4473.418238210384,4502.158970383827,4573.193865849371,4612.411446953562,4675.194900401068,4738.83295280882"
2023-06-21,"4450.02243664003,4474.9829217799215,4500.083412015807,4573.389595495831,4613.355543920719,4673.960271533335,4738.305038907258"
2023-06-22,"4450.02243664003,4474.9829217799215,4500.083412015807,4573.389595495831,4613.355543920719,4673.960271533335,4738.305038907258"
2023-06-23,"4450.02243664003,4474.9829217799215,4511.284330592844,4573.389595495831,4613.355543920719,4673.960271533335,4738.305038907258"
2023-06-26,"4450.02243664003,4474.9829217799215,4511.284330592844,4573.389595495831,4613.355543920719,4673.960271533335,4738.305038907258"
2023-06-27,"4450.02243664003,4474.9829217799215,4511.284330592844,4573.389595495831,4613.355543920719,4673.960271533335,4738.305038907258"
2023-07-03,"4450.02243664003,4474.9829217799215,4511.284330592844,4573.389595495831,4613.355543920719,4650.779442185031,4673.960271533335,4738.305038907258"
2023-07-04,"4450.02243664003,4474.9829217799215,4511.284330592844,4573.389595495831,4613.355543920719,4650.779442185031,4673.960271533335,4738.305038907258"
2023-07-05,"4450.02243664003,4474.9829217799215,4500.083412015807,4576.232788331245,4613.355543920719,4673.960271533335,4738.305038907258"
2023-07-06,"4450.02243664003,4474.9829217799215,4500.083412015807,4576.232788331245,4613.355543920719,4673.960271533335,4738.305038907258"
2023-07-07,"4450.02243664003,4474.9829217799215,4500.083412015807,4576.232788331245,4613.355543920719,4673.960271533335,4738.305038907258"
2023-07-10,"4450.02243664003,4474.9829217799215,4525.3246926460015,4576.232788331245,4613.355543920719,4673.960271533335,4738.305038907258"
2023-07-11,"4450.02243664003,4474.9829217799215,4500.083412015807,4576.232788331245,4599.042055604212,4673.960271533335,4738.305038907258"
2023-07-12,"4450.02243664003,4474.9829217799215,4500.083412015807,4576.232788331245,4599.042055604212,4673.960271533335,4738.305038907258"
2023-07-13,"4450.02243664003,4474.9829217799215,4500.083412015807,4573.389595495831,4599.042055604212,4673.960271533335,4738.305038907258"
2023-07-14,"4450.02243664003,4474.9829217799215,4525.3246926460015,4573.389595495831,4599.042055604212,4673.960271533335,4738.305038907258"
2023-07-17,"4474.9829217799215,4525.3246926460015,4576.232788331245,4599.042055604212,4673.960271533335,4738.305038907258"
2023-07-18,"4450.02243664003,4474.9829217799215,4525.3246926460015,4576.232788331245,4599.042055604212,4673.960271533335,4738.305038907258"
2023-07-20,"4450.02243664003,4474.9829217799215,4525.3246926460015,4576.232788331245,4599.042055604212,4673.960271533335,4738.305038907258"
2023-07-21,"4450.242255606235,4475.368156734414,4526.046339617098,4574.722060151275,4600.550769594555,4676.2816364376,4737.229470121984"
2023-07-24,"4449.350769706268,4474.85393770543,4512.210632867401,4523.948433602731,4575.958572199903,4599.796799398603,4674.4873753572765,4738.065435672205"
2023-07-25,"4450.704294911072,4474.0964112453075,4512.639910367632,4525.561390430496,4575.437416484144,4599.48510809304,4674.616347996826,4737.409749294103"
2023-07-26,"4450.704294911072,4474.0964112453075,4512.639910367632,4525.561390430496,4575.437416484144,4599.48510809304,4674.616347996826,4737.409749294103"
2023-07-27,"4450.704294911072,4474.0964112453075,4512.639910367632,4525.561390430496,4575.437416484144,4599.48510809304,4674.616347996826,4737.409749294103"
2023-07-28,"4450.704294911072,4474.0964112453075,4512.639910367632,4525.561390430496,4575.437416484144,4599.48510809304,4674.616347996826,4737.409749294103"
2023-07-31,"4450.704294911072,4474.0964112453075,4512.639910367632,4525.561390430496,4575.437416484144,4599.48510809304,4674.616347996826,4737.409749294103"
2023-08-01,"4449.350769706268,4474.85393770543,4512.210632867401,4523.948433602731,4575.958572199903,4599.796799398603,4674.4873753572765,4738.065435672205"
2023-08-02,"4449.350769706268,4474.85393770543,4512.210632867401,4523.948433602731,4575.958572199903,4599.796799398603,4674.4873753572765,4738.065435672205"
2023-08-03,"4449.350769706268,4474.85393770543,4512.210632867401,4523.948433602731,4575.958572199903,4599.796799398603,4674.4873753572765,4738.065435672205"
2023-08-04,"4449.350769706268,4474.85393770543,4512.210632867401,4523.948433602731,4575.958572199903,4599.796799398603,4674.4873753572765"
2023-08-07,"4449.350769706268,4474.85393770543,4500.50328693679,4512.210632867401,4523.948433602731,4575.958572199903,4599.796799398603,4674.4873753572765"
2023-08-08,"4449.350769706268,4474.85393770543,4500.50328693679,4512.210632867401,4523.948433602731,4575.958572199903,4599.796799398603,4674.4873753572765"
2023-08-09,"4449.350769706268,4474.85393770543,4500.50328693679,4512.210632867401,4523.948433602731,4575.958572199903,4599.796799398603,4674.4873753572765"
2023-08-10,"4449.350769706268,4474.85393770543,4500.50328693679,4512.210632867401,4523.948433602731,4549.879186850431,4575.958572199903,4599.796799398603,4674.4873753572765"
2023-08-11,"4449.350769706268,4474.85393770543,4500.50328693679,4512.210632867401,4523.948433602731,4549.879186850431,4575.958572199903,4599.796799398603,4674.4873753572765"
2023-08-14,"4449.350769706268,4474.85393770543,4500.50328693679,4512.210632867401,4523.948433602731,4549.879186850431,4575.958572199903,4599.796799398603,4674.4873753572765"
2023-08-15,"4449.350769706268,4474.85393770543,4500.50328693679,4512.210632867401,4523.948433602731,4549.879186850431,4575.958572199903,4599.796799398603,4674.4873753572765"
2023-08-16,"4449.350769706268,4474.85393770543,4500.50328693679,4512.210632867401,4523.948433602731,4549.879186850431,4575.958572199903,4599.796799398603,4674.4873753572765"
2023-08-18,"4449.350769706268,4474.85393770543,4500.50328693679,4512.210632867401,4523.948433602731,4549.879186850431,4575.958572199903,4599.796799398603,4674.4873753572765"
2023-08-21,"4449.350769706268,4474.85393770543,4500.50328693679,4512.210632867401,4523.948433602731,4549.879186850431,4575.958572199903,4599.796799398603,4674.4873753572765"
2023-08-22,"4449.350769706268,4474.85393770543,4500.50328693679,4512.210632867401,4523.948433602731,4549.879186850431,4575.958572199903,4599.796799398603,4674.4873753572765"
2023-08-23,"4449.350769706268,4474.85393770543,4500.50328693679,4512.210632867401,4523.948433602731,4549.879186850431,4575.958572199903,4599.796799398603,4674.4873753572765"
2023-08-24,"4437.806519478197,4449.350769706268,4474.85393770543,4500.50328693679,4512.210632867401,4523.948433602731,4549.879186850431,4575.958572199903,4599.796799398603,4674.4873753572765"
2023-08-25,"4437.806519478197,4449.350769706268,4474.85393770543,4500.50328693679,4512.210632867401,4523.948433602731,4549.879186850431,4575.958572199903,4599.796799398603,4674.4873753572765"
2023-08-28,"4437.806519478197,4449.350769706268,4474.85393770543,4500.50328693679,4512.210632867401,4523.948433602731,4549.879186850431,4575.958572199903,4599.796799398603,4674.4873753572765"
2023-08-29,"4437.806519478197,4449.350769706268,4474.85393770543,4500.50328693679,4512.210632867401,4523.948433602731,4549.879186850431,4575.958572199903,4599.796799398603,4674.4873753572765"
2023-08-30,"4437.806519478197,4449.350769706268,4474.85393770543,4500.50328693679,4512.210632867401,4523.948433602731,4549.879186850431,4575.958572199903,4599.796799398603,4674.4873753572765"
2023-08-31,"4437.806519478197,4449.350769706268,4474.85393770543,4500.50328693679,4512.210632867401,4523.948433602731,4549.879186850431,4575.958572199903,4599.796799398603,4674.4873753572765"
2023-09-01,"4437.806519478197,4449.350769706268,4474.85393770543,4500.50328693679,4512.210632867401,4523.948433602731,4549.879186850431,4575.958572199903,4599.796799398603,4674.4873753572765"
2023-09-04,"4437.806519478197,4449.350769706268,4474.85393770543,4500.50328693679,4512.210632867401,4523.948433602731,4549.879186850431,4575.958572199903,4599.796799398603,4674.4873753572765"
2023-09-05,"4437.806519478197,4449.350769706268,4474.85393770543,4500.50328693679,4512.210632867401,4523.948433602731,4549.879186850431,4575.958572199903,4599.796799398603,4674.4873753572765"
2023-09-06,"4437.806519478197,4474.85393770543,4500.50328693679,4512.210632867401,4523.948433602731,4549.879186850431,4575.958572199903,4599.796799398603,4674.4873753572765"
2023-09-07,"4437.806519478197,4474.85393770543,4500.50328693679,4512.210632867401,4523.948433602731,4549.879186850431,4575.958572199903,4599.796799398603,4674.4873753572765"
2023-09-08,"4437.806519478197,4474.85393770543,4500.50328693679,4512.210632867401,4523.948433602731,4549.879186850431,4575.958572199903,4599.796799398603,4674.4873753572765"
2023-09-11,"4449.350769706268,4474.85393770543,4500.50328693679,4512.210632867401,4523.948433602731,4549.879186850431,4575.958572199903,4599.796799398603,4674.4873753572765"
2023-09-12,"4449.350769706268,4474.85393770543,4500.50328693679,4512.210632867401,4523.948433602731,4549.879186850431,4575.958572199903,4599.796799398603,4674.4873753572765"
2023-09-13,"4449.350769706268,4474.85393770543,4500.50328693679,4512.210632867401,4523.948433602731,4549.879186850431,4575.958572199903,4599.796799398603,4674.4873753572765"
2023-09-14,"4474.85393770543,4500.50328693679,4512.210632867401,4523.948433602731,4549.879186850431,4575.958572199903,4599.796799398603,4674.4873753572765,4725.772088661045"
2023-09-15,"4474.85393770543,4500.50328693679,4512.210632867401,4523.948433602731,4549.879186850431,4575.958572199903,4599.796799398603,4674.4873753572765,4725.772088661045"
2023-09-18,"4474.85393770543,4500.50328693679,4512.210632867401,4523.948433602731,4549.879186850431,4575.958572199903,4599.796799398603,4674.4873753572765,4725.772088661045"
2023-09-19,"4474.85393770543,4500.50328693679,4512.210632867401,4523.948433602731,4549.879186850431,4575.958572199903,4599.796799398603,4674.4873753572765,4725.772088661045"
2023-09-20,"4474.85393770543,4500.50328693679,4512.210632867401,4523.948433602731,4549.879186850431,4575.958572199903,4599.796799398603,4674.4873753572765,4725.772088661045,4787.559448623887"
2023-09-21,"4474.85393770543,4500.50328693679,4512.210632867401,4523.948433602731,4549.879186850431,4575.958572199903,4599.796799398603,4674.4873753572765,4725.772088661045"
2023-09-22,"4473.879657223557,4513.250435792577,4523.80769935538,4550.309026349201,4574.292933361395,4601.090012470176,4674.228858802654,4726.392777655337,4787.520807816001"
2023-09-25,"4473.606381491311,4526.572654776194,4549.942159077654,4600.426739928268,4675.485804279757,4723.8870314622745,4786.854150340357"
2023-09-26,"4473.606381491311,4526.572654776194,4549.942159077654,4600.426739928268,4675.485804279757,4723.8870314622745,4786.854150340357"
2023-09-27,"4473.676718816122,4525.838094436104,4550.3877735727365,4599.88735151282,4675.148161534913,4726.00489558016,4788.503826375027"
2023-09-29,"4475.5992421204255,4526.541736912988,4550.2488275988235,4598.036146361705,4674.727886120329,4723.82250052225"
2023-10-02,"4475.5992421204255,4526.541736912988,4550.2488275988235,4598.036146361705,4674.727886120329,4723.82250052225"
2023-10-03,"4475.1397951914405,4524.75429802626,4549.7674426652975,4600.209319346879,4676.922632249204,4724.43140309001"
2023-10-04,"4475.1397951914405,4524.75429802626,4549.7674426652975,4600.209319346879,4676.922632249204,4724.43140309001"
2023-10-05,"4475.1397951914405,4524.75429802626,4549.7674426652975,4676.922632249204,4724.43140309001"
2023-10-06,"4475.1397951914405,4549.7674426652975,4676.922632249204,4724.43140309001"
2023-10-09,"4475.1397951914405,4549.7674426652975,4676.922632249204,4724.43140309001"
2023-10-10,"4549.7674426652975,4681.221797230306,4728.774239532017"
2023-10-11,"4549.7674426652975,4685.524914130434,4728.774239532017"
2023-10-12,"4551.696717329694,4684.298201870837,4727.7351591580145"
2023-10-13,"4551.696717329694,4727.7351591580145,5190.206014014053"
2023-10-16,"4551.696717329694,4727.7351591580145,5195.531678754233"
2023-10-17,"4551.696717329694,4727.7351591580145,5195.531678754233"
2023-10-18,"4551.696717329694,4727.7351591580145,5195.531678754233"
2023-10-19,"4551.696717329694,4727.7351591580145,5195.531678754233"
2023-10-20,"4551.696717329694,4727.7351591580145,5195.531678754233"
2023-10-23,"4551.696717329694,4727.7351591580145,5195.531678754233"
2023-10-24,"4551.696717329694,4727.7351591580145,5195.531678754233"
2023-10-25,"4551.696717329694,4727.7351591580145,5195.531678754233"
2023-10-26,"4551.696717329694,4727.7351591580145,5195.531678754233"
2023-10-27,"4551.696717329694,4727.7351591580145,5195.531678754233"
2023-10-30,"4551.696717329694,4727.7351591580145,5195.531678754233"
2023-10-31,"4551.696717329694,4727.7351591580145,5195.531678754233"
2023-11-01,"4551.696717329694,4727.7351591580145,5195.531678754233"
2023-11-02,"4551.696717329694,4727.7351591580145,5195.531678754233"
2023-11-03,"4551.696717329694,4727.7351591580145,5195.531678754233"
2023-11-06,"4551.696717329694,4727.7351591580145,5195.531678754233"
2023-11-07,"4551.696717329694,4727.7351591580145,5195.531678754233"
2023-11-08,"4551.696717329694,4727.7351591580145,4880.457770560514,5195.531678754233"
2023-11-09,"4551.696717329694,4727.7351591580145,4875.455071419847,5195.531678754233"
2023-11-10,"4551.696717329694,4727.7351591580145,4875.455071419847,5195.531678754233"
2023-11-13,"4551.696717329694,4727.7351591580145,4880.457770560514,5195.531678754233"
2023-11-14,"4551.696717329694,4727.7351591580145,4880.457770560514,5195.531678754233"
2023-11-15,"4551.696717329694,4727.7351591580145,4880.457770560514,4976.490405341987,5195.531678754233"
2023-11-16,"4551.696717329694,4727.7351591580145,4880.457770560514,4976.490405341987,5195.531678754233"
2023-11-17,"4551.696717329694,4727.7351591580145,4880.457770560514,4976.490405341987,5195.531678754233"
2023-11-20,"4551.696717329694,4727.7351591580145,4880.457770560514,4976.490405341987,5195.531678754233"
2023-11-21,"4551.696717329694,4727.7351591580145,4880.457770560514,4976.490405341987,5195.531678754233"
2023-11-22,"4551.696717329694,4727.7351591580145,4880.457770560514,4976.490405341987,5195.531678754233"
2023-11-23,"4551.696717329694,4727.7351591580145,4880.457770560514,4976.490405341987,5195.531678754233"
2023-11-24,"4551.696717329694,4727.7351591580145,4880.457770560514,4976.490405341987,5195.531678754233"
2023-11-27,"4551.696717329694,4727.7351591580145,4880.457770560514,4976.490405341987,5195.531678754233"
2023-11-28,"4551.696717329694,4727.7351591580145,4880.457770560514,4976.490405341987,5195.531678754233"
2023-11-29,"4551.696717329694,4727.7351591580145,4880.457770560514,4976.490405341987,5195.531678754233"
2023-11-30,"4551.696717329694,4727.7351591580145,4880.457770560514,4976.490405341987,5195.531678754233"
2023-12-01,"4551.696717329694,4727.7351591580145,4880.457770560514,4976.490405341987,5195.531678754233"
2023-12-04,"4551.696717329694,4727.7351591580145,4880.457770560514,4976.490405341987,5195.531678754233"
2023-12-05,"4551.696717329694,4727.7351591580145,4875.455071419847,4976.490405341987,5195.531678754233"
2023-12-06,"4547.031013757026,4727.7351591580145,4875.455071419847,4976.490405341987,5195.531678754233"
2023-12-07,"4547.031013757026,4727.7351591580145,4875.455071419847,4976.490405341987,5195.531678754233"
2023-12-08,"4547.031013757026,4727.7351591580145,4875.455071419847,4976.490405341987,5195.531678754233"
2023-12-11,"4547.031013757026,4727.7351591580145,4875.455071419847,4976.490405341987,5195.531678754233"
2023-12-12,"4547.031013757026,4727.7351591580145,4875.455071419847,4976.490405341987,5195.531678754233"
2023-12-13,"4551.696717329694,4727.7351591580145,4875.455071419847,4976.490405341987,5190.206014014053"
2023-12-14,"4547.159665924713,4727.116965731147,4878.2437023570665,4976.44662637786,5189.6994737749055"
2023-12-15,"4551.932103079223,4727.116965731147,4878.2437023570665,4976.44662637786,5189.6994737749055,5277.537803666819"
2023-12-18,"4551.932103079223,4727.116965731147,4878.2437023570665,4976.44662637786,5195.146283741793,5277.537803666819"
2023-12-19,"4547.159665924713,4727.116965731147,4878.2437023570665,4976.44662637786,5195.146283741793,5277.537803666819"
2023-12-20,"4547.159665924713,4727.116965731147,4878.2437023570665,4976.44662637786,5195.146283741793,5277.537803666819"
2023-12-21,"4547.159665924713,4727.116965731147,4878.2437023570665,4976.44662637786,5195.146283741793,5277.537803666819"
2023-12-22,"4547.159665924713,4727.116965731147,4878.2437023570665,4976.44662637786,5195.146283741793,5277.537803666819"
2023-12-27,"4547.159665924713,4727.116965731147,4878.2437023570665,4976.44662637786,5195.146283741793,5277.537803666819"
2023-12-28,"4547.159665924713,4727.116965731147,4878.2437023570665,4976.44662637786,5195.146283741793,5277.537803666819"
2023-12-29,"4547.05349464702,4726.014830233093,4875.287509101663,4980.972344168634,5193.692483659532,5272.24957303978"
2024-01-02,"4547.05349464702,4726.014830233093,4875.287509101663,4980.972344168634,5193.692483659532,5272.24957303978"
2024-01-03,"4547.05349464702,4726.014830233093,4875.287509101663,4980.972344168634,5193.692483659532,5272.24957303978"
2024-01-04,"4449.736987593181,4547.418953219336,4725.059138017074,4878.38212633864,4979.109748057519,5193.476943909614,5273.696350175531"
2024-01-05,"4547.418953219336,4725.059138017074,4878.38212633864,4979.109748057519,5193.476943909614,5273.696350175531"
2024-01-08,"4547.418953219336,4725.059138017074,4878.38212633864,4979.109748057519,5193.476943909614,5273.696350175531"
2024-01-09,"4548.886497790655,4726.638627216997,4878.984911170498,4976.684932710824,5198.566758310255,5274.704301420163"
2024-01-10,"4548.886497790655,4726.638627216997,4878.984911170498,4976.684932710824,5198.566758310255,5274.704301420163"
2024-01-11,"4548.886497790655,4726.638627216997,4878.984911170498,4976.684932710824,5198.566758310255,5274.704301420163"
2024-01-12,"4548.886497790655,4726.638627216997,4872.540192555464,4976.684932710824,5198.566758310255,5274.704301420163,5597.964425209381"
2024-01-15,"4548.886497790655,4726.638627216997,4872.540192555464,4976.684932710824,5198.566758310255,5274.704301420163,5597.964425209381"
2024-01-16,"4548.886497790655,4726.638627216997,4872.540192555464,4976.684932710824,5198.566758310255,5274.704301420163,5597.964425209381"
2024-01-17,"4548.886497790655,4726.638627216997,4872.540192555464,4976.684932710824,5191.699899615514,5274.704301420163,5597.964425209381"
2024-01-18,"4548.886497790655,4726.638627216997,4872.540192555464,4976.684932710824,5191.699899615514,5274.704301420163,5597.964425209381"
2024-01-19,"4548.886497790655,4726.638627216997,4872.540192555464,4976.684932710824,5198.566758310255,5274.704301420163,5597.964425209381"
2024-01-22,"4548.886497790655,4726.638627216997,4872.540192555464,4976.684932710824,5198.566758310255,5274.704301420163,5597.964425209381"
2024-01-23,"4551.49347691226,4725.143336696174,4875.883247633792,4977.034542214894,5198.217770955952,5274.108677034698,5595.669357466071"
2024-01-24,"4547.532867356109,4728.064937279345,4875.33610347321,4979.971769274868,5196.028448392416,5276.331632705765,5596.926955859677"
2024-01-25,"4547.532867356109,4728.064937279345,4875.33610347321,4979.971769274868,5196.028448392416,5276.331632705765,5596.926955859677"
2024-01-26,"4547.532867356109,4728.064937279345,4875.33610347321,4979.971769274868,5196.028448392416,5276.331632705765,5596.926955859677"
2024-01-29,"4547.532867356109,4728.064937279345,4875.33610347321,4979.971769274868,5196.028448392416,5276.331632705765,5596.926955859677"
2024-01-30,"4550.187888800077,4725.224064658695,4874.415970909567,4978.32706260225,5192.841888299201,5274.18294317693,5593.827941377641"
2024-01-31,"4552.1840741715305,4730.071404688327,4873.869027742223,4980.102575004228,5193.341824598134,5274.849957346285,5593.738755665665"
2024-02-01,"4552.1840741715305,4730.071404688327,4873.869027742223,4980.102575004228,5193.341824598134,5274.849957346285,5593.738755665665"
2024-02-02,"4552.677831014091,4728.099380361765,4874.479767151391,4976.598582245048,5193.629409328006,5276.629834914127,5594.7494969838235"
2024-02-05,"4552.677831014091,4728.099380361765,4874.479767151391,4976.598582245048,5193.629409328006,5276.629834914127,5594.7494969838235"
2024-02-06,"4552.677831014091,4728.099380361765,4874.479767151391,4976.598582245048,5193.629409328006,5276.629834914127,5594.7494969838235"
2024-02-07,"4552.677831014091,4728.099380361765,4874.479767151391,4976.598582245048,5193.629409328006,5276.629834914127,5594.7494969838235"
2024-02-12,"4725.760274159341,4875.366006471206,4975.477303345703,5195.971997614816,5274.002361387958,5598.019307376991,5751.808586074859"
2024-02-13,"4725.760274159341,4875.366006471206,4975.477303345703,5195.971997614816,5274.002361387958,5598.019307376991,5751.808586074859"
2024-02-15,"4725.0907810809385,4872.557403011187,4975.732911084467,5195.9375785226475,5276.395347284562,5595.225539302176,5753.750935749929"
2024-02-16,"4729.671482335023,4875.805355965051,4978.022429941304,5196.112274104424,5275.774426855676,5599.075025955425,5756.125739830737"
2024-02-19,"4729.671482335023,4875.805355965051,4978.022429941304,5196.112274104424,5275.774426855676,5599.075025955425,5756.125739830737"
2024-02-20,"4725.786094095883,4874.028698836069,4977.760603132815,5191.894444470864,5272.697611516047,5592.956644560611,5752.227026139584"
2024-02-21,"4728.670063238856,4874.064449687644,4975.751859976848,5192.678526712327,5271.904860035065,5593.378954034656,5757.430034460566"
2024-02-22,"4727.134772610688,4877.663056158844,4978.406665617367,5193.25227971403,5271.696193086632,5597.50110868067,5752.1775884866"
2024-02-23,"4727.134772610688,4877.663056158844,4978.406665617367,5193.25227971403,5271.696193086632,5597.50110868067,5752.1775884866"
2024-02-26,"4727.134772610688,4877.663056158844,4978.406665617367,5193.25227971403,5271.696193086632,5597.50110868067,5752.1775884866"
2024-02-27,"4728.9608573922005,4871.959737722465,4980.426542336208,5191.193229017337,5272.5103458175,5596.202011057995,5757.962525477605"
2024-02-28,"4871.959737722465,4980.426542336208,5191.193229017337,5272.5103458175,5596.202011057995,5757.962525477605"
2024-02-29,"4871.959737722465,4980.426542336208,5191.193229017337,5272.5103458175,5596.202011057995,5757.962525477605"
2024-03-01,"4871.959737722465,4980.426542336208,5191.193229017337,5272.5103458175,5596.202011057995,5757.962525477605"
2024-03-04,"4871.959737722465,4980.426542336208,5191.193229017337,5272.5103458175,5596.202011057995,5757.962525477605"
2024-03-05,"4871.959737722465,4980.426542336208,5191.193229017337,5272.5103458175,5596.202011057995,5757.962525477605,5893.783829608247"
2024-03-06,"4871.959737722465,4980.426542336208,5191.193229017337,5272.5103458175,5596.202011057995,5757.962525477605"
2024-03-07,"4874.842201415913,4981.102449307804,5194.029610580077,5273.6942498294,5597.65560181183,5756.062126898724"
2024-03-08,"4871.8239858147,4976.631072881322,5193.057867020839,5276.622867113776,5594.6981952246415,5753.196752751913,5995.414317682999"
2024-03-13,"4873.191607314002,4978.979270448861,5197.4937913112635,5272.44267139697,5591.202260613301,5753.617373613523,5997.535806799885"
2024-03-14,"4873.191607314002,4978.979270448861,5197.4937913112635,5272.44267139697,5591.202260613301,5753.617373613523,5997.535806799885"
2024-03-15,"4877.2119618516,4979.11258021013,5196.503990831102,5275.903337457092,5598.096772995578,5754.586943808867,5997.562570021402"
2024-03-18,"4876.305730087899,4979.81687206816,5193.477605949733,5275.943030871807,5597.021502957907,5753.474401102238,6000.329173976206"
2024-03-19,"4872.2858877280005,4975.503894993484,5195.348733660356,5277.678552064197,5598.205023403949,5992.910593437597"
2024-03-20,"4872.2858877280005,4975.503894993484,5195.348733660356,5277.678552064197,5598.205023403949,5883.984630788353,5992.910593437597"
2024-03-21,"4872.2858877280005,4975.503894993484,5195.348733660356,5277.678552064197,5598.205023403949,5883.984630788353,5992.910593437597"
2024-03-22,"4872.2858877280005,4975.503894993484,5195.348733660356,5277.678552064197,5598.205023403949,5883.984630788353,5992.910593437597"
2024-03-25,"4872.2858877280005,4975.503894993484,5195.348733660356,5277.678552064197,5598.205023403949,5883.984630788353"
2024-03-26,"4872.2858877280005,4975.503894993484,5195.348733660356,5277.678552064197,5598.205023403949,5883.984630788353"
2024-03-27,"4872.2858877280005,4975.503894993484,5195.348733660356,5277.678552064197,5598.205023403949,5883.984630788353"
2024-03-28,"4872.2858877280005,4975.503894993484,5195.348733660356,5277.678552064197,5598.205023403949,5891.698969239272"
2024-04-01,"4872.2858877280005,4975.503894993484,5195.348733660356,5277.678552064197,5598.205023403949,5891.698969239272"
2024-04-02,"4872.2858877280005,4975.503894993484,5195.348733660356,5277.678552064197,5598.205023403949,5891.698969239272"
2024-04-03,"4872.2858877280005,4975.503894993484,5195.348733660356,5277.678552064197,5590.874973363434,5891.698969239272"
2024-04-04,"4872.2858877280005,4975.503894993484,5195.348733660356,5277.678552064197,5590.874973363434,5761.919975390972,5891.698969239272"
2024-04-05,"4872.2858877280005,4975.503894993484,5195.348733660356,5277.678552064197,5598.205023403949,5761.919975390972,5891.698969239272"
2024-04-16,"4872.2858877280005,4975.503894993484,5195.348733660356,5277.678552064197,5590.874973363434,5761.919975390972,5891.698969239272"
2024-04-17,"4872.2858877280005,4975.503894993484,5195.348733660356,5277.678552064197,5590.874973363434,5761.919975390972,5891.698969239272"
2024-04-18,"4872.2858877280005,4975.503894993484,5195.348733660356,5277.678552064197,5590.874973363434,5761.919975390972,5891.698969239272"
2024-04-19,"4872.2858877280005,4975.503894993484,5202.160219586456,5277.678552064197,5590.874973363434,5761.919975390972,5891.698969239272"
2024-04-22,"4872.2858877280005,4975.503894993484,5074.255822559828,5202.160219586456,5277.678552064197,5354.293163452908,5590.874973363434,5761.919975390972,5891.698969239272"
2024-04-23,"4872.2858877280005,4975.503894993484,5277.678552064197,5590.874973363434,5761.919975390972,5891.698969239272"
2024-04-24,"4872.2858877280005,4975.503894993484,5074.255822559828,5277.678552064197,5590.874973363434,5761.919975390972,5891.698969239272"
2024-04-25,"4872.2858877280005,4975.503894993484,5074.255822559828,5284.597978463229,5590.874973363434,5761.919975390972,5891.698969239272"
2024-04-26,"4872.2858877280005,4975.503894993484,5074.255822559828,5284.597978463229,5590.874973363434,5761.919975390972,5891.698969239272"
2024-04-29,"4872.2858877280005,4975.503894993484,5074.255822559828,5284.597978463229,5590.874973363434,5761.919975390972,5891.698969239272"
2024-04-30,"4872.2858877280005,4975.503894993484,5074.255822559828,5277.678552064197,5590.874973363434,5761.919975390972,5891.698969239272"
2024-05-02,"4872.2858877280005,4975.503894993484,5074.255822559828,5277.678552064197,5590.874973363434,5891.698969239272"
2024-05-03,"4865.9063251325915,4975.503894993484,5074.255822559828,5277.678552064197,5590.874973363434,5891.698969239272"
2024-05-06,"4872.2858877280005,4975.503894993484,5074.255822559828,5277.678552064197,5590.874973363434,5891.698969239272"
2024-05-07,"4874.872401658709,4971.71422657526,5077.609172466548,5281.351580809352,5594.529736547036,5893.065438806235"
2024-05-08,"4875.736779474116,4974.825194593746,5075.927359522893,5276.748951599034,5596.996559489223,5894.175806542716"
2024-05-13,"4875.736779474116,4974.825194593746,5075.927359522893,5276.748951599034,5596.996559489223,5894.175806542716"
2024-05-14,"4875.736779474116,5075.927359522893,5276.748951599034,5596.996559489223,5894.175806542716"
2024-05-15,"4974.825194593746,5276.748951599034,5596.996559489223,5894.175806542716"
2024-05-16,"4875.736779474116,5276.748951599034,5596.996559489223,5894.175806542716"
2024-05-17,"4875.736779474116,5276.748951599034,5596.996559489223,5894.175806542716"
2024-05-20,"4981.979515261416,5276.748951599034,5596.996559489223,5894.175806542716"
2024-05-21,"4981.979515261416,5276.748951599034,5596.996559489223,5894.175806542716"
2024-05-22,"4981.979515261416,5276.748951599034,5596.996559489223,5894.175806542716"
2024-05-27,"4974.825194593746,5276.748951599034,5596.996559489223,5894.175806542716"
2024-05-28,"4974.825194593746,5276.748951599034,5596.996559489223,5894.175806542716"
2024-05-29,"4773.918410886611,4975.312251877361,5276.645959172678,5596.230179914277,5888.194589394538"
2024-05-30,"4769.760236558627,5278.1701140975865,5588.749717141037,5888.674420835431"
2024-05-31,"5279.14004492088,5590.1889213880395,5888.8363714627285"
2024-06-03,"5279.14004492088,5590.1889213880395,5888.8363714627285"
2024-06-04,"5279.14004492088,5590.1889213880395,5888.8363714627285"
2024-06-05,"5279.14004492088,5590.1889213880395,5888.8363714627285"
2024-06-06,"4773.798087189765,5279.14004492088,5590.1889213880395,5888.8363714627285"
2024-06-07,"4773.798087189765,5279.14004492088,5590.1889213880395,5888.8363714627285"
2024-06-10,"4773.798087189765,5279.14004492088,5590.1889213880395,5888.8363714627285"
2024-06-11,"4773.798087189765,5279.14004492088,5590.1889213880395,5899.061453794604"
2024-06-12,"4773.798087189765,5279.14004492088,5590.1889213880395,5899.061453794604"
2024-06-13,"4773.798087189765,5279.14004492088,5590.1889213880395,5899.061453794604"
2024-06-14,"4777.301535732318,5285.544428035674,5595.480040811815,5891.013838422013"
2024-06-19,"4486.891927264928,4769.318297905685,5280.083677510101,5591.711995484587,5899.865013022384"
2024-06-20,"4778.1487099024425,5270.3256483903415,5591.711995484587,5899.865013022384"
2024-06-21,"4778.1487099024425,5270.3256483903415,5591.711995484587,5899.865013022384"
2024-06-24,"4778.1487099024425,5202.522524450293,5591.711995484587,5899.865013022384"
2024-06-25,"4486.891927264928,4778.1487099024425,5202.522524450293,5591.711995484587,5899.865013022384"
2024-06-26,"4778.1487099024425,5270.3256483903415,5591.711995484587,5899.865013022384"
2024-06-27,"4778.1487099024425,5212.155015813573,5591.711995484587,5899.865013022384"
2024-06-28,"4673.254234016453,5221.805341773325,5591.711995484587,5899.865013022384"
2024-07-01,"4690.575352238454,5221.805341773325,5591.711995484587,5899.865013022384"
2024-07-02,"4699.259971354836,5212.155015813573,5591.711995484587,5899.865013022384"
2024-07-03,"4690.575352238454,5231.4735353503775,5591.711995484587,5899.865013022384"
2024-07-04,"4699.259971354836,5241.159629626695,5591.711995484587,5899.865013022384"
2024-07-05,"4699.259971354836,5250.8636577454945,5591.711995484587,5899.865013022384"
2024-07-08,"4690.575352238454,5250.8636577454945,5591.711995484587,5899.865013022384"
2024-07-09,"4690.575352238454,5339.012432822857,5591.711995484587,5899.865013022384"
2024-07-10,"4690.575352238454,5348.89763580005,5591.711995484587,5899.865013022384"
2024-07-11,"4690.575352238454,5329.145498514192,5591.711995484587,5899.865013022384"
2024-07-12,"4690.575352238454,5309.466300916832,5591.711995484587,5899.865013022384"
2024-07-15,"4690.575352238454,5309.466300916832,5591.711995484587,5899.865013022384"
2024-07-16,"4690.575352238454,5299.6539702912,5591.711995484587,5899.865013022384"
2024-07-17,"4690.575352238454,5004.302161410076,5299.6539702912,5591.711995484587,5899.865013022384"
2024-07-18,"4690.575352238454,5013.567646974527,5299.6539702912,5591.711995484587,5899.865013022384"
2024-07-19,"4690.575352238454,5013.567646974527,5299.6539702912,5602.0650727176635,5899.865013022384"
2024-07-22,"4690.575352238454,5299.6539702912,5602.0650727176635,5899.865013022384"
2024-07-23,"4690.575352238454,5299.6539702912,5899.865013022384"
2024-07-24,"4690.575352238454,5299.6539702912,5899.865013022384"
2024-07-25,"4690.575352238454,5022.850287622739,5299.6539702912,5899.865013022384"
2024-07-26,"4690.575352238454,5013.567646974527,5299.6539702912,5899.865013022384"
2024-07-29,"4690.575352238454,5022.850287622739,5299.6539702912,5899.865013022384"
2024-07-30,"4690.575352238454,5013.567646974527,5299.6539702912,5899.865013022384"
2024-07-31,"4699.259971354836,5013.567646974527,5299.6539702912,5899.865013022384"
2024-08-01,"4699.259971354836,5013.567646974527,5299.6539702912,5899.865013022384"
2024-08-02,"4699.259971354836,5013.567646974527,5299.6539702912,5899.865013022384"
2024-08-05,"4690.575352238454,5013.567646974527,5299.6539702912,5899.865013022384"
2024-08-06,"4690.575352238454,5013.567646974527,5299.6539702912,5899.865013022384"
2024-08-07,"4690.575352238454,5013.567646974527,5299.6539702912,5899.865013022384"
2024-08-08,"4690.575352238454,5013.567646974527,5299.6539702912,5899.865013022384"
2024-08-09,"4690.575352238454,5013.567646974527,5899.865013022384"
2024-08-12,"4699.259971354836,5013.567646974527,5899.865013022384"
2024-08-13,"4699.259971354836,5013.567646974527,5899.865013022384"
2024-08-14,"4699.259971354836,5013.567646974527,5899.865013022384"
2024-08-15,"4699.259971354836,5013.567646974527,5899.865013022384"
2024-08-16,"4699.259971354836,5013.567646974527,5289.859773659994,5899.865013022384"
2024-08-19,"4699.259971354836,5013.567646974527,5289.859773659994,5899.865013022384"
2024-08-20,"4699.259971354836,5013.567646974527,5289.859773659994,5899.865013022384"
2024-08-21,"4699.259971354836,5013.567646974527,5289.859773659994,5899.865013022384"
2024-08-22,"4699.259971354836,5013.567646974527,5289.859773659994,5899.865013022384"
2024-08-23,"4699.259971354836,5013.567646974527,5289.859773659994,5458.850319410169,5899.865013022384"
2024-08-26,"4699.259971354836,5013.567646974527,5289.859773659994,5468.957402716013,5899.865013022384"
2024-08-27,"4699.259971354836,5013.567646974527,5289.859773659994,5910.788636805918"
2024-08-28,"4699.259971354836,5013.567646974527,5289.859773659994,5910.788636805918"
2024-08-29,"4699.259971354836,5013.567646974527,5289.859773659994,5899.865013022384"
2024-08-30,"4699.259971354836,5013.567646974527,5289.859773659994,5899.865013022384"
2024-09-02,"4699.259971354836,5013.567646974527,5299.6539702912,5899.865013022384"
2024-09-03,"4699.259971354836,5013.567646974527,5299.6539702912,5899.865013022384"
2024-09-04,"4699.259971354836,5013.567646974527,5299.6539702912,5899.865013022384"
2024-09-05,"4699.259971354836,5013.567646974527,5299.6539702912,5899.865013022384"
2024-09-06,"4699.259971354836,5013.567646974527,5299.6539702912,5899.865013022384"
2024-09-09,"4699.259971354836,5013.567646974527,5299.6539702912,5899.865013022384"
2024-09-10,"4699.259971354836,5013.567646974527,5299.6539702912,5921.7324857227895"
2024-09-11,"4699.259971354836,5013.567646974527,5299.6539702912,5932.696597219915"
2024-09-12,"4699.259971354836,5022.850287622739,5299.6539702912,5921.7324857227895"
2024-09-13,"4699.259971354836,5022.850287622739,5299.6539702912,5643.669424530155"
2024-09-17,"4699.259971354836,5022.850287622739,5299.6539702912,5643.669424530155"
2024-09-18,"4702.405975798312,5015.258463244425,5301.287429487981,5643.876700487081"
2024-09-19,"4701.720364941681,5017.258736898464,5302.06130105051,5648.709025906428"
2024-09-20,"4701.720364941681,5017.258736898464,5302.06130105051,5648.709025906428"
2024-09-23,"4701.720364941681,5017.258736898464,5302.06130105051,5648.709025906428"
2024-09-24,"4701.720364941681,5017.258736898464,5302.06130105051,5648.709025906428"
2024-09-25,"4701.720364941681,5017.258736898464,5302.06130105051,5648.709025906428"
2024-09-26,"4701.720364941681,5017.258736898464,5302.06130105051,5639.543638496719"
2024-09-27,"4701.720364941681,5017.258736898464,5302.06130105051,5459.327028955124,5639.543638496719"
2024-09-30,"4701.720364941681,5017.258736898464,5345.286126135689,5459.327028955124,5639.543638496719"
2024-10-01,"4482.98248893429,4703.812775650837,5023.311461412222,5355.920061926914,5459.932585044925,5646.838535843373"
2024-10-02,"4705.684101222199,5020.955797674738,5348.883134274521,5460.004999958012,5644.406896108713"
2024-10-03,"4702.811379990208,5019.96243618097,5350.375182189424,5456.988301546631,5642.272342036648"
2024-10-04,"4702.811379990208,5019.96243618097,5350.375182189424,5456.988301546631"
2024-10-07,"4702.811379990208,5019.96243618097,5350.375182189424"
2024-10-08,"4702.811379990208,5019.96243618097,5350.375182189424"
2024-10-09,"4702.811379990208,5019.96243618097,5350.375182189424"
2024-10-10,"4702.811379990208,5019.96243618097,5350.375182189424"
2024-10-11,"4702.811379990208,5019.96243618097,5350.375182189424"
2024-10-14,"4702.811379990208,5019.96243618097,5350.375182189424"
2024-10-15,"4702.811379990208,5019.96243618097,5350.375182189424"
2024-10-16,"4702.811379990208,5019.96243618097,5350.375182189424"
2024-10-17,"4702.811379990208,5019.96243618097,5350.375182189424"
2024-10-18,"4702.811379990208,5019.96243618097,5350.375182189424,5642.272342036648"
2024-10-21,"4702.811379990208,5019.96243618097,5350.375182189424,5633.71544824002"
2024-10-22,"4702.811379990208,5019.96243618097,5358.501718331822,5642.272342036648"
2024-10-23,"4702.811379990208,5019.96243618097,5358.501718331822,5642.272342036648"
2024-10-24,"4702.811379990208,5019.96243618097,5358.501718331822,5642.272342036648"
2024-10-25,"4702.811379990208,5019.96243618097,5358.501718331822,5642.272342036648"
2024-10-28,"4702.811379990208,5019.96243618097,5358.501718331822,5642.272342036648"
2024-10-29,"4702.811379990208,5019.96243618097,5350.375182189424,5642.272342036648"
2024-10-30,"4702.811379990208,5019.96243618097,5350.375182189424,5642.272342036648"
2024-10-31,"4702.811379990208,5019.96243618097,5350.375182189424,5642.272342036648"
2024-11-01,"4702.811379990208,5019.96243618097,5350.375182189424,5642.272342036648"
2024-11-04,"4702.811379990208,5019.96243618097,5350.375182189424,5642.272342036648"
2024-11-05,"4702.811379990208,5019.96243618097,5358.501718331822,5642.272342036648"
2024-11-06,"4702.811379990208,5019.96243618097,5358.501718331822,5642.272342036648"
2024-11-07,"4702.811379990208,5019.96243618097,5358.501718331822,5642.272342036648"
2024-11-08,"4702.811379990208,5019.96243618097,5358.501718331822,5642.272342036648"
2024-11-11,"4702.811379990208,5019.96243618097,5358.501718331822,5642.272342036648"
2024-11-12,"4702.811379990208,5019.96243618097,5358.501718331822,5642.272342036648"
2024-11-13,"4702.811379990208,5019.96243618097,5358.501718331822,5642.272342036648"
2024-11-14,"4702.811379990208,5019.96243618097,5358.501718331822,5642.272342036648"
2024-11-15,"4702.811379990208,5019.96243618097,5358.501718331822,5642.272342036648"
2024-11-18,"4702.811379990208,5019.96243618097,5358.501718331822,5642.272342036648"
2024-11-19,"4702.811379990208,5019.96243618097,5358.501718331822,5642.272342036648"
2024-11-20,"4702.811379990208,5019.96243618097,5358.501718331822,5642.272342036648"
2024-11-21,"4709.954349473468,5019.96243618097,5358.501718331822,5642.272342036648"
2024-11-22,"4709.954349473468,4855.11415043729,5019.96243618097,5358.501718331822,5642.272342036648"
2024-11-25,"4709.954349473468,4855.11415043729,5012.349318127552,5358.501718331822,5642.272342036648"
2024-11-26,"4709.954349473468,4855.11415043729,5012.349318127552,5358.501718331822,5642.272342036648"
2024-11-28,"4709.954349473468,4855.11415043729,5019.96243618097,5358.501718331822,5642.272342036648"
2024-11-29,"4479.86745280195,4709.954349473468,4855.11415043729,5012.349318127552,5358.501718331822,5642.272342036648"
2024-12-02,"4709.954349473468,4855.11415043729,5012.349318127552,5358.501718331822,5642.272342036648"
2024-12-03,"4709.954349473468,4855.11415043729,5019.96243618097,5358.501718331822,5642.272342036648"
2024-12-04,"4709.954349473468,4855.11415043729,5019.96243618097,5358.501718331822,5642.272342036648"
2024-12-05,"4709.954349473468,4855.11415043729,5019.96243618097,5358.501718331822,5642.272342036648"
2024-12-06,"4706.467426264692,4853.978128432193,5020.176720807606,5354.796288931383,5647.980281865335"
2024-12-09,"4709.69964267835,4854.889100878167,5018.387041684294,5354.6916038636655,5643.00530768559"
2024-12-10,"4709.69964267835,4854.889100878167,5018.387041684294,5102.189359745977,5354.6916038636655,5643.00530768559"
2024-12-11,"4709.69964267835,4854.889100878167,5018.387041684294,5102.189359745977,5354.6916038636655,5643.00530768559"
2024-12-12,"4709.69964267835,4861.593942015538,5018.387041684294,5102.189359745977,5354.6916038636655,5643.00530768559"
2024-12-13,"4714.081994950727,4857.926488673092,5018.212520240676,5097.262845601471,5354.824868060612,5645.728261443877"
2024-12-16,"4709.106877315573,4861.468321496791,5018.759364915778,5099.303129002123,5354.859600504487,5642.440873073791"
2024-12-17,"4713.084263769282,4858.798303753294,5015.652966523726,5102.7198629750765,5351.797096475109,5642.834603642725"
2024-12-18,"4711.4487573272445,4862.1356973836455,5017.642079414928,5100.740284323516,5358.383682082309,5644.472042646576"
2024-12-19,"4710.519161096369,4861.885580770118,5018.1159638885065,5101.944377198595,5353.856234499302,5643.648674480143"
2024-12-20,"4715.987622103398,4858.272357573106,5012.685887083009,5099.695427272329,5353.1155803569945,5645.563500355308"
2024-12-23,"4858.272357573106,5012.685887083009,5099.695427272329,5353.1155803569945,5645.563500355308"
2024-12-24,"4858.272357573106,5012.685887083009,5099.695427272329,5353.1155803569945,5645.563500355308"
2024-12-27,"4858.272357573106,5012.685887083009,5353.1155803569945,5645.563500355308"
2024-12-30,"4858.272357573106,5012.685887083009,5353.1155803569945,5645.563500355308"
2025-01-02,"4858.272357573106,5012.685887083009,5353.1155803569945,5645.563500355308"
2025-01-03,"5012.685887083009,5353.1155803569945,5645.563500355308"
2025-01-06,"4997.0262138117405,5353.1155803569945,5645.563500355308"
2025-01-07,"4367.978636043295,4989.214732096252,5353.1155803569945,5645.563500355308"
2025-01-08,"4367.978636043295,4997.0262138117405,5353.1155803569945,5645.563500355308"
2025-01-09,"4367.978636043295,4997.0262138117405,5353.1155803569945,5645.563500355308"
2025-01-10,"4367.978636043295,4997.0262138117405,5353.1155803569945,5645.563500355308"
2025-01-13,"4363.08443466696,5000.569040836832,5353.43252158521,5638.9019919362945"
2025-01-14,"4363.604612450207,4998.4691262282395,5354.343010694185,5637.779307483899"
2025-01-15,"4371.113882865255,4989.882103026385,5354.343010694185,5637.779307483899"
2025-01-16,"4371.113882865255,4989.882103026385,5354.343010694185,5637.779307483899"
2025-01-17,"4371.113882865255,4981.309831734687,5354.343010694185,5637.779307483899"
2025-01-20,"4371.113882865255,4972.752287010387,5354.343010694185,5637.779307483899"
2025-01-21,"4371.113882865255,4972.752287010387,5354.343010694185,5637.779307483899"
2025-01-22,"4371.113882865255,4972.752287010387,5354.343010694185,5637.779307483899"
2025-01-23,"4371.113882865255,4981.309831734687,5354.343010694185,5637.779307483899"
2025-01-24,"4371.113882865255,4981.309831734687,5354.343010694185,5637.779307483899"
2025-01-30,"4371.113882865255,4981.309831734687,5354.343010694185,5637.779307483899"
2025-01-31,"4371.113882865255,4989.882103026385,5354.343010694185,5637.779307483899"
2025-02-03,"4371.113882865255,4981.309831734687,5354.343010694185,5637.779307483899"
2025-02-04,"4371.113882865255,4972.752287010387,5354.343010694185,5637.779307483899"
2025-02-05,"4371.113882865255,4972.752287010387,5354.343010694185,5637.779307483899"
2025-02-06,"4371.113882865255,4972.752287010387,5354.343010694185,5637.779307483899"
2025-02-07,"4371.113882865255,4972.752287010387,5354.343010694185,5637.779307483899"
2025-02-10,"4371.113882865255,4972.752287010387,5354.343010694185,5637.779307483899"
2025-02-11,"4364.718161758039,4974.933279938146,5354.341565867129,5640.0479060361"
2025-02-12,"4364.718161758039,4974.933279938146,5354.341565867129,5640.0479060361"
2025-02-13,"4364.718161758039,4974.933279938146,5354.341565867129,5640.0479060361"
2025-02-14,"4364.718161758039,4974.933279938146,5354.341565867129,5640.0479060361"
2025-02-17,"4364.718161758039,4974.933279938146,5354.341565867129,5640.0479060361"
2025-02-18,"4364.718161758039,4974.933279938146,5354.341565867129,5640.0479060361"
2025-02-19,"4364.718161758039,4974.933279938146,5354.341565867129,5640.0479060361"
2025-02-20,"4364.718161758039,4974.933279938146,5354.341565867129,5640.0479060361"
2025-02-21,"4364.718161758039,4974.933279938146,5354.341565867129,5640.0479060361"
2025-02-24,"4364.718161758039,4974.933279938146,5354.341565867129,5640.0479060361"
2025-02-25,"4364.718161758039,4974.933279938146,5344.752077793188,5640.0479060361"
2025-02-26,"4364.718161758039,4974.933279938146,5354.341565867129,5640.0479060361"
2025-02-27,"4364.718161758039,4974.933279938146,5354.341565867129,5640.0479060361"
2025-02-28,"4362.175016679018,4971.642017458295,5351.777218122934,5645.425811935138"
2025-03-03,"4362.175016679018,4971.642017458295,5351.777218122934,5645.425811935138"
2025-03-04,"4362.175016679018,4971.642017458295,5351.777218122934,5645.425811935138"
2025-03-05,"4362.175016679018,4971.642017458295,5351.777218122934,5645.425811935138"
2025-03-06,"4362.175016679018,4971.642017458295,5351.777218122934,5635.036716909463"
2025-03-07,"4362.175016679018,4971.642017458295,5351.777218122934,5635.036716909463"
2025-03-10,"4362.175016679018,4971.642017458295,5351.777218122934,5635.036716909463"
2025-03-11,"4362.175016679018,4971.642017458295,5351.777218122934,5635.036716909463"
2025-03-12,"4362.175016679018,4971.642017458295,5351.777218122934,5635.036716909463"
2025-03-13,"4362.175016679018,4971.642017458295,5341.928515132669,5645.425811935138"
2025-03-14,"4362.175016679018,4971.642017458295,5341.928515132669,5635.036716909463"
2025-03-17,"4362.175016679018,4971.642017458295,5341.928515132669,5635.036716909463"
2025-03-18,"4358.1430357373365,4968.505111028144,5343.8016582326245,5633.498172509398"
2025-03-19,"4358.1430357373365,4968.505111028144,5343.8016582326245,5633.498172509398"
2025-03-20,"4358.1430357373365,4968.505111028144,5343.8016582326245,5633.498172509398"
2025-03-21,"4359.112257381314,4968.6441981889175,5348.232897909712"
2025-03-24,"4358.394492763693,4968.069288112209,5349.173152642815"
2025-03-25,"4358.394492763693,4968.069288112209,5349.173152642815"
2025-03-26,"4358.394492763693,4968.069288112209,5349.173152642815"
2025-03-27,"4358.394492763693,4968.069288112209,5349.173152642815"
2025-04-08,"4358.394492763693,4968.069288112209,5337.889038001776"
2025-04-09,"4358.394492763693,4968.069288112209,5326.628727272033"
2025-04-10,"4358.394492763693,4968.069288112209,5326.628727272033"
2025-04-11,"4367.607989476923,4968.069288112209,5326.628727272033"
2025-04-14,"4367.607989476923,4968.069288112209,5326.628727272033"
2025-04-15,"4367.607989476923,4968.069288112209"
2025-04-16,"4367.607989476923,4968.069288112209"
2025-04-17,"4367.607989476923,4968.069288112209"
2025-04-21,"4367.607989476923,4968.069288112209"
2025-04-22,"4367.607989476923,4968.069288112209"
2025-04-23,"4367.607989476923,4968.069288112209"
2025-04-24,"4367.607989476923,4968.069288112209"
2025-04-25,"4367.607989476923,4968.069288112209"
2025-04-28,"4367.607989476923,4968.069288112209"
2025-04-29,"4367.607989476923,4968.069288112209"
2025-04-30,"4367.607989476923,4968.069288112209"
2025-05-02,"4360.286566650159,4973.810878839375"
2025-05-05,"4199.325480783589,4360.286566650159,4973.810878839375"
2025-05-06,"4199.3982436820215,4366.857671319777,4968.3199364825"
2025-05-07,"4191.16928056322,4366.553568926364,4974.925476038185"
2025-05-08,"4191.16928056322,4366.553568926364,4974.925476038185"
2025-05-09,"4191.16928056322,4366.553568926364,4974.925476038185"
2025-05-14,"4191.16928056322,4366.553568926364,4974.925476038185"
2025-05-15,"4191.16928056322,4366.553568926364,4974.925476038185"
2025-05-16,"4191.16928056322,4366.553568926364,4974.925476038185"
2025-05-19,"4194.92826461665,4366.348588924455,4458.237650630795,4971.352190535529"
2025-05-20,"4193.8538288746995,4362.562824101211,4459.987080889068,4972.880203276217"
