Date,Open,High,Low,Close,Volume,i
2022-05-24 00:00:00,3810.204833984375,4537.5,4587.5,4475.0,4512.5,58031400
2022-05-25 00:00:00,3747.22607421875,4462.5,4575.0,4437.5,4487.5,73700400
2022-05-27 00:00:00,3862.686767578125,4600.0,4687.5,4487.5,4500.0,119132800
2022-05-30 00:00:00,3862.686767578125,4600.0,4637.5,4512.5,4600.0,66577800
2022-05-31 00:00:00,3852.1904296875,4587.5,4675.0,4537.5,4637.5,173358200
2022-06-02 00:00:00,3715.73681640625,4425.0,4587.5,4412.5,4525.0,69562600
2022-06-03 00:00:00,3757.72265625,4475.0,4562.5,4450.0,4475.0,44234800
2022-06-06 00:00:00,3736.729736328125,4450.0,4487.5,4350.0,4450.0,70969000
2022-06-07 00:00:00,3736.729736328125,4450.0,4550.0,4412.5,4550.0,59999400
2022-06-08 00:00:00,3778.71533203125,4500.0,4500.0,4425.0,4475.0,36033000
2022-06-09 00:00:00,3642.26171875,4337.5,4500.0,4337.5,4425.0,104568600
2022-06-10 00:00:00,3484.815185546875,4150.0,4250.0,4125.0,4237.5,148581400
2022-06-13 00:00:00,3463.822509765625,4125.0,4137.5,3962.5,4025.0,168106400
2022-06-14 00:00:00,3474.319091796875,4137.5,4200.0,4075.0,4137.5,89451800
2022-06-15 00:00:00,3474.319091796875,4137.5,4150.0,4062.5,4137.5,50537200
2022-06-16 00:00:00,3463.822509765625,4125.0,4237.5,4125.0,4200.0,70161000
2022-06-17 00:00:00,3432.3330078125,4087.5,4125.0,4050.0,4062.5,85689800
2022-06-20 00:00:00,3411.34033203125,4062.5,4112.5,4025.0,4100.0,54511600
2022-06-21 00:00:00,3547.7939453125,4225.0,4225.0,4087.5,4087.5,55051400
2022-06-22 00:00:00,3421.836669921875,4075.0,4225.0,4062.5,4212.5,62430800
2022-06-23 00:00:00,3421.836669921875,4075.0,4112.5,4037.5,4087.5,48869800
2022-06-24 00:00:00,3421.836669921875,4075.0,4100.0,4050.0,4075.0,46945000
2022-06-27 00:00:00,3379.850830078125,4025.0,4100.0,4025.0,4087.5,43368800
2022-06-28 00:00:00,3390.347412109375,4037.5,4087.5,4000.0,4012.5,64516600
2022-06-29 00:00:00,3369.3544921875,4012.5,4062.5,3937.5,4050.0,80254600
2022-06-30 00:00:00,3295.87939453125,3925.0,4025.0,3925.0,4012.5,51193400
2022-07-01 00:00:00,3295.87939453125,3925.0,3975.0,3875.0,3925.0,47117800
2022-07-04 00:00:00,3211.908203125,3825.0,3875.0,3700.0,3862.5,119435800
2022-07-05 00:00:00,3253.893798828125,3875.0,3975.0,3825.0,3837.5,44476000
2022-07-06 00:00:00,3211.908203125,3825.0,3850.0,3750.0,3825.0,61698000
2022-07-07 00:00:00,3190.915283203125,3800.0,3875.0,3800.0,3800.0,53792800
2022-07-08 00:00:00,3190.915283203125,3800.0,3862.5,3775.0,3837.5,66599600
2022-07-11 00:00:00,3148.929443359375,3750.0,3825.0,3750.0,3800.0,38983600
2022-07-12 00:00:00,3127.9365234375,3725.0,3812.5,3712.5,3750.0,91270400
2022-07-13 00:00:00,3033.46875,3612.5,3775.0,3612.5,3725.0,70323600
2022-07-14 00:00:00,3054.46142578125,3637.5,3700.0,3575.0,3612.5,53467400
2022-07-15 00:00:00,3054.46142578125,3637.5,3687.5,3625.0,3675.0,91881600
2022-07-18 00:00:00,3075.454345703125,3662.5,3712.5,3637.5,3637.5,33885200
2022-07-19 00:00:00,3064.9580078125,3650.0,3737.5,3637.5,3662.5,52625000
2022-07-20 00:00:00,3222.404541015625,3837.5,3862.5,3700.0,3712.5,99752400
2022-07-21 00:00:00,3243.397216796875,3862.5,3912.5,3775.0,3900.0,91623800
2022-07-22 00:00:00,3232.90087890625,3850.0,3900.0,3825.0,3875.0,39950200
2022-07-25 00:00:00,3190.915283203125,3800.0,3862.5,3800.0,3850.0,22755600
2022-07-26 00:00:00,3222.404541015625,3837.5,3875.0,3812.5,3825.0,40742800
2022-07-27 00:00:00,3264.390380859375,3887.5,3912.5,3862.5,3875.0,61470200
2022-07-28 00:00:00,3285.383056640625,3912.5,3975.0,3912.5,3925.0,90037400
2022-07-29 00:00:00,3295.87939453125,3925.0,3975.0,3912.5,3937.5,96026000
2022-08-01 00:00:00,3337.865234375,3975.0,4050.0,3975.0,4050.0,141365800
2022-08-02 00:00:00,3390.347412109375,4037.5,4037.5,3937.5,3987.5,61474600
2022-08-03 00:00:00,3411.34033203125,4062.5,4062.5,4000.0,4050.0,39764400
2022-08-04 00:00:00,3358.85791015625,4000.0,4062.5,3975.0,4050.0,71928200
2022-08-05 00:00:00,3463.822509765625,4125.0,4137.5,3987.5,4012.5,50346600
2022-08-08 00:00:00,3463.822509765625,4125.0,4137.5,4087.5,4125.0,26413800
2022-08-09 00:00:00,3547.7939453125,4225.0,4250.0,4125.0,4137.5,80592200
2022-08-10 00:00:00,3558.290283203125,4237.5,4237.5,4150.0,4162.5,49372400
2022-08-11 00:00:00,3579.283203125,4262.5,4300.0,4200.0,4287.5,54002400
2022-08-12 00:00:00,3579.283203125,4262.5,4275.0,4200.0,4212.5,34264400
2022-08-15 00:00:00,3589.779541015625,4275.0,4287.5,4225.0,4287.5,43855800
2022-08-16 00:00:00,3600.276123046875,4287.5,4287.5,4237.5,4262.5,36326200
2022-08-18 00:00:00,3631.765380859375,4325.0,4362.5,4275.0,4287.5,51415600
2022-08-19 00:00:00,3568.78662109375,4250.0,4337.5,4250.0,4325.0,33229600
2022-08-22 00:00:00,3484.815185546875,4150.0,4212.5,4100.0,4187.5,80695200
2022-08-23 00:00:00,3484.815185546875,4150.0,4200.0,4137.5,4150.0,43109000
2022-08-24 00:00:00,3484.815185546875,4150.0,4200.0,4125.0,4150.0,31310600
2022-08-25 00:00:00,3474.319091796875,4137.5,4187.5,4125.0,4175.0,18239400
2022-08-26 00:00:00,3484.815185546875,4150.0,4200.0,4150.0,4162.5,27294200
2022-08-29 00:00:00,3442.829345703125,4100.0,4150.0,4062.5,4100.0,50521600
2022-08-30 00:00:00,3537.297607421875,4212.5,4250.0,4112.5,4125.0,64186600
2022-08-31 00:00:00,3579.283203125,4262.5,4262.5,4150.0,4200.0,88222800
2022-09-01 00:00:00,3579.283203125,4262.5,4300.0,4225.0,4287.5,24754600
2022-09-02 00:00:00,3652.75830078125,4350.0,4375.0,4262.5,4275.0,76147000
2022-09-05 00:00:00,3715.73681640625,4425.0,4437.5,4287.5,4350.0,40541000
2022-09-06 00:00:00,3673.7509765625,4375.0,4450.0,4350.0,4425.0,39143800
2022-09-07 00:00:00,3600.276123046875,4287.5,4362.5,4275.0,4362.5,45680600
2022-09-08 00:00:00,3684.24755859375,4387.5,4400.0,4300.0,4312.5,48818600
2022-09-09 00:00:00,3694.743896484375,4400.0,4412.5,4375.0,4387.5,66122800
2022-09-12 00:00:00,3694.743896484375,4400.0,4450.0,4387.5,4450.0,33164600
2022-09-13 00:00:00,3768.21875,4487.5,4500.0,4400.0,4425.0,65135200
2022-09-14 00:00:00,3736.729736328125,4450.0,4475.0,4387.5,4425.0,46548200
2022-09-15 00:00:00,3852.1904296875,4587.5,4625.0,4487.5,4500.0,154342800
2022-09-16 00:00:00,3757.72265625,4475.0,4587.5,4437.5,4550.0,90832000
2022-09-19 00:00:00,3768.21875,4487.5,4537.5,4425.0,4525.0,63689800
2022-09-20 00:00:00,3768.21875,4487.5,4500.0,4450.0,4487.5,35548200
2022-09-21 00:00:00,3768.21875,4487.5,4487.5,4400.0,4462.5,33158800
2022-09-22 00:00:00,3778.71533203125,4500.0,4512.5,4437.5,4487.5,25991400
2022-09-23 00:00:00,3778.71533203125,4500.0,4525.0,4487.5,4525.0,47123200
2022-09-26 00:00:00,3778.71533203125,4500.0,4500.0,4375.0,4437.5,77318600
2022-09-27 00:00:00,3778.71533203125,4500.0,4525.0,4412.5,4525.0,42385400
2022-09-28 00:00:00,3778.71533203125,4500.0,4550.0,4450.0,4500.0,74439000
2022-09-29 00:00:00,3768.21875,4487.5,4525.0,4462.5,4500.0,24479200
2022-09-30 00:00:00,3768.21875,4487.5,4525.0,4400.0,4475.0,45655600
2022-10-03 00:00:00,3736.729736328125,4450.0,4500.0,4412.5,4487.5,28349400
2022-10-04 00:00:00,3715.73681640625,4425.0,4500.0,4425.0,4462.5,58380200
2022-10-05 00:00:00,3715.73681640625,4425.0,4487.5,4425.0,4450.0,64983000
2022-10-06 00:00:00,3736.729736328125,4450.0,4475.0,4400.0,4450.0,23969000
2022-10-07 00:00:00,3684.24755859375,4387.5,4437.5,4375.0,4425.0,36556000
2022-10-10 00:00:00,3673.7509765625,4375.0,4387.5,4325.0,4350.0,32778000
2022-10-11 00:00:00,3652.75830078125,4350.0,4375.0,4300.0,4375.0,56959000
2022-10-12 00:00:00,3631.765380859375,4325.0,4387.5,4300.0,4337.5,46026200
2022-10-13 00:00:00,3673.7509765625,4375.0,4437.5,4337.5,4350.0,60923600
2022-10-14 00:00:00,3537.297607421875,4212.5,4425.0,4212.5,4412.5,49869400
2022-10-17 00:00:00,3600.276123046875,4287.5,4312.5,4175.0,4212.5,46023600
2022-10-18 00:00:00,3642.26171875,4337.5,4350.0,4287.5,4287.5,34089400
2022-10-19 00:00:00,3684.24755859375,4387.5,4400.0,4300.0,4362.5,26287200
2022-10-20 00:00:00,3778.71533203125,4500.0,4537.5,4350.0,4350.0,74454000
2022-10-21 00:00:00,3778.71533203125,4500.0,4587.5,4487.5,4500.0,67147400
2022-10-24 00:00:00,3925.66552734375,4675.0,4712.5,4512.5,4512.5,93991000
2022-10-25 00:00:00,3957.15478515625,4712.5,4837.5,4712.5,4775.0,79026600
2022-10-26 00:00:00,3873.182861328125,4612.5,4750.0,4612.5,4750.0,57301400
2022-10-27 00:00:00,3925.66552734375,4675.0,4737.5,4612.5,4625.0,32568200
2022-10-28 00:00:00,3915.169189453125,4662.5,4687.5,4562.5,4675.0,67024200
2022-10-31 00:00:00,3946.657958984375,4700.0,4737.5,4675.0,4700.0,57043600
2022-11-01 00:00:00,3946.657958984375,4700.0,4750.0,4625.0,4700.0,41443800
2022-11-02 00:00:00,3883.679931640625,4625.0,4700.0,4575.0,4700.0,49775000
2022-11-03 00:00:00,3904.672607421875,4650.0,4700.0,4587.5,4625.0,47748600
2022-11-04 00:00:00,3894.176025390625,4637.5,4650.0,4612.5,4637.5,33068200
2022-11-07 00:00:00,3894.176025390625,4637.5,4675.0,4612.5,4637.5,43164600
2022-11-08 00:00:00,3883.679931640625,4625.0,4675.0,4600.0,4650.0,34329200
2022-11-09 00:00:00,3904.672607421875,4650.0,4675.0,4625.0,4650.0,44354400
2022-11-10 00:00:00,3894.176025390625,4637.5,4650.0,4550.0,4637.5,35056000
2022-11-11 00:00:00,3904.672607421875,4650.0,4737.5,4637.5,4712.5,76578200
2022-11-14 00:00:00,3820.700927734375,4550.0,4662.5,4537.5,4650.0,53046400
2022-11-15 00:00:00,3831.19775390625,4562.5,4600.0,4537.5,4575.0,32362600
2022-11-16 00:00:00,3820.700927734375,4550.0,4562.5,4437.5,4562.5,84179400
2022-11-17 00:00:00,3894.176025390625,4637.5,4650.0,4512.5,4550.0,42451400
2022-11-18 00:00:00,3862.686767578125,4600.0,4662.5,4587.5,4650.0,34503000
2022-11-21 00:00:00,3852.1904296875,4587.5,4637.5,4562.5,4575.0,24552400
2022-11-22 00:00:00,3883.679931640625,4625.0,4662.5,4587.5,4612.5,24036600
2022-11-23 00:00:00,3883.679931640625,4625.0,4662.5,4625.0,4625.0,26480000
2022-11-24 00:00:00,3894.176025390625,4637.5,4675.0,4625.0,4625.0,33691200
2022-11-25 00:00:00,3904.672607421875,4650.0,4650.0,4612.5,4637.5,28538800
2022-11-28 00:00:00,3894.176025390625,4637.5,4675.0,4625.0,4650.0,46613400
2022-11-29 00:00:00,3936.162109375,4687.5,4712.5,4637.5,4637.5,59310800
2022-11-30 00:00:00,4156.58740234375,4950.0,4950.0,4687.5,4700.0,228769000
2022-12-01 00:00:00,4072.615234375,4850.0,4975.0,4837.5,4950.0,60043200
2022-12-02 00:00:00,4093.608154296875,4875.0,4875.0,4775.0,4825.0,74888600
2022-12-05 00:00:00,4093.608154296875,4875.0,4912.5,4825.0,4875.0,46350800
2022-12-06 00:00:00,4009.636962890625,4775.0,4850.0,4750.0,4850.0,80960600
2022-12-07 00:00:00,3988.644287109375,4750.0,4800.0,4687.5,4775.0,74967200
2022-12-08 00:00:00,3988.644287109375,4750.0,4775.0,4637.5,4750.0,60297600
2022-12-09 00:00:00,4009.636962890625,4775.0,4787.5,4712.5,4787.5,58429600
2022-12-12 00:00:00,3999.14013671875,4762.5,4825.0,4712.5,4775.0,36690000
2022-12-13 00:00:00,4051.622314453125,4825.0,4825.0,4750.0,4800.0,44457600
2022-12-14 00:00:00,3999.14013671875,4762.5,4875.0,4737.5,4837.5,51313400
2022-12-15 00:00:00,3978.147705078125,4737.5,4800.0,4687.5,4750.0,45526000
2022-12-16 00:00:00,4114.60107421875,4900.0,4900.0,4675.0,4700.0,106781400
2022-12-19 00:00:00,3957.15478515625,4712.5,4875.0,4712.5,4850.0,60549800
2022-12-20 00:00:00,3967.65087890625,4725.0,4762.5,4662.5,4725.0,37995800
2022-12-21 00:00:00,3925.66552734375,4675.0,4750.0,4662.5,4750.0,40936600
2022-12-22 00:00:00,3957.15478515625,4712.5,4725.0,4675.0,4700.0,30139000
2022-12-23 00:00:00,3915.169189453125,4662.5,4725.0,4662.5,4700.0,30492000
2022-12-26 00:00:00,3915.169189453125,4662.5,4700.0,4637.5,4675.0,18889400
2022-12-27 00:00:00,3904.672607421875,4650.0,4700.0,4625.0,4700.0,30410200
2022-12-28 00:00:00,3873.182861328125,4612.5,4675.0,4575.0,4662.5,26057600
2022-12-29 00:00:00,3873.182861328125,4612.5,4625.0,4575.0,4612.5,22647000
2022-12-30 00:00:00,3873.182861328125,4612.5,4650.0,4612.5,4612.5,30472400
2023-01-02 00:00:00,3873.182861328125,4612.5,4612.5,4550.0,4612.5,13398400
2023-01-03 00:00:00,3894.176025390625,4637.5,4650.0,4575.0,4600.0,26463000
2023-01-04 00:00:00,3852.1904296875,4587.5,4650.0,4575.0,4637.5,48118400
2023-01-05 00:00:00,3778.71533203125,4500.0,4575.0,4412.5,4575.0,91135000
2023-01-06 00:00:00,3736.729736328125,4450.0,4525.0,4437.5,4487.5,47075000
2023-01-09 00:00:00,3778.71533203125,4500.0,4525.0,4437.5,4475.0,38714400
2023-01-10 00:00:00,3663.25439453125,4362.5,4500.0,4325.0,4500.0,66338200
2023-01-11 00:00:00,3568.78662109375,4250.0,4362.5,4212.5,4362.5,97985200
2023-01-12 00:00:00,3610.7724609375,4300.0,4375.0,4250.0,4337.5,74713600
2023-01-13 00:00:00,3642.26171875,4337.5,4337.5,4287.5,4337.5,31492000
2023-01-16 00:00:00,3684.24755859375,4387.5,4400.0,4337.5,4350.0,27930400
2023-01-17 00:00:00,3747.22607421875,4462.5,4487.5,4375.0,4387.5,58844000
2023-01-18 00:00:00,3726.233154296875,4437.5,4512.5,4400.0,4475.0,42102800
2023-01-19 00:00:00,3757.72265625,4475.0,4487.5,4412.5,4450.0,34502200
2023-01-20 00:00:00,3789.211669921875,4512.5,4550.0,4450.0,4500.0,36841800
2023-01-24 00:00:00,3799.708251953125,4525.0,4575.0,4487.5,4537.5,28496000
2023-01-25 00:00:00,3810.204833984375,4537.5,4625.0,4525.0,4600.0,72962200
2023-01-26 00:00:00,3978.147705078125,4737.5,4762.5,4537.5,4562.5,77131800
2023-01-27 00:00:00,4009.636962890625,4775.0,4800.0,4737.5,4800.0,89603000
2023-01-30 00:00:00,3904.672607421875,4650.0,4775.0,4625.0,4775.0,63021600
2023-01-31 00:00:00,3841.69384765625,4575.0,4650.0,4537.5,4600.0,139348400
2023-02-01 00:00:00,3831.19775390625,4562.5,4625.0,4537.5,4600.0,58539000
2023-02-02 00:00:00,3820.700927734375,4550.0,4600.0,4525.0,4587.5,47100600
2023-02-03 00:00:00,3904.672607421875,4650.0,4662.5,4575.0,4600.0,42774000
2023-02-06 00:00:00,3925.66552734375,4675.0,4675.0,4575.0,4650.0,38504200
2023-02-07 00:00:00,3936.162109375,4687.5,4700.0,4625.0,4675.0,38887200
2023-02-08 00:00:00,3978.147705078125,4737.5,4750.0,4687.5,4687.5,34054800
2023-02-09 00:00:00,4009.636962890625,4775.0,4775.0,4712.5,4725.0,56866600
2023-02-10 00:00:00,3999.14013671875,4762.5,4762.5,4712.5,4762.5,24979400
2023-02-13 00:00:00,3988.644287109375,4750.0,4787.5,4725.0,4787.5,30348000
2023-02-14 00:00:00,3967.65087890625,4725.0,4775.0,4700.0,4750.0,48802600
2023-02-15 00:00:00,3957.15478515625,4712.5,4737.5,4637.5,4725.0,38279800
2023-02-16 00:00:00,3925.66552734375,4675.0,4725.0,4650.0,4725.0,38386000
2023-02-17 00:00:00,3894.176025390625,4637.5,4687.5,4625.0,4675.0,27312200
2023-02-20 00:00:00,3841.69384765625,4575.0,4662.5,4562.5,4637.5,64976600
2023-02-21 00:00:00,3799.708251953125,4525.0,4600.0,4525.0,4575.0,72588200
2023-02-22 00:00:00,3715.73681640625,4425.0,4525.0,4400.0,4500.0,92300400
2023-02-23 00:00:00,3757.72265625,4475.0,4500.0,4400.0,4425.0,52724200
2023-02-24 00:00:00,3736.729736328125,4450.0,4562.5,4450.0,4500.0,53277000
2023-02-27 00:00:00,3757.72265625,4475.0,4500.0,4425.0,4450.0,48120000
2023-02-28 00:00:00,3684.24755859375,4387.5,4500.0,4387.5,4500.0,108313400
2023-03-01 00:00:00,3757.72265625,4475.0,4487.5,4387.5,4387.5,48204200
2023-03-02 00:00:00,3726.233154296875,4437.5,4475.0,4437.5,4475.0,49577200
2023-03-03 00:00:00,3673.7509765625,4375.0,4450.0,4375.0,4437.5,54989400
2023-03-06 00:00:00,3694.743896484375,4400.0,4437.5,4375.0,4400.0,42464200
2023-03-07 00:00:00,3736.729736328125,4450.0,4462.5,4400.0,4400.0,45285800
2023-03-08 00:00:00,3726.233154296875,4437.5,4437.5,4400.0,4425.0,33221200
2023-03-09 00:00:00,3841.69384765625,4575.0,4612.5,4500.0,4500.0,112172600
2023-03-10 00:00:00,3789.211669921875,4512.5,4562.5,4500.0,4550.0,72647400
2023-03-13 00:00:00,3778.71533203125,4500.0,4525.0,4437.5,4512.5,87385200
2023-03-14 00:00:00,3684.24755859375,4387.5,4450.0,4375.0,4450.0,124869200
2023-03-15 00:00:00,3694.743896484375,4400.0,4462.5,4387.5,4450.0,97799600
2023-03-16 00:00:00,3757.72265625,4475.0,4550.0,4412.5,4437.5,109964600
2023-03-17 00:00:00,3789.211669921875,4512.5,4575.0,4487.5,4500.0,151227200
2023-03-20 00:00:00,3778.71533203125,4500.0,4562.5,4487.5,4512.5,32195200
2023-03-21 00:00:00,3873.182861328125,4612.5,4625.0,4487.5,4525.0,49801400
2023-03-24 00:00:00,4041.1259765625,4812.5,4862.5,4625.0,4637.5,161637200
2023-03-27 00:00:00,3988.644287109375,4750.0,4875.0,4750.0,4837.5,99699200
2023-03-28 00:00:00,3952.634521484375,4512.5,4600.0,4500.0,4600.0,77714200
2023-03-29 00:00:00,4029.278564453125,4600.0,4625.0,4512.5,4525.0,67383200
2023-03-30 00:00:00,4094.973388671875,4675.0,4700.0,4625.0,4650.0,67522400
2023-03-31 00:00:00,4094.973388671875,4675.0,4687.5,4612.5,4675.0,54065000
2023-04-03 00:00:00,4094.973388671875,4675.0,4700.0,4637.5,4675.0,29520600
2023-04-04 00:00:00,4094.973388671875,4675.0,4687.5,4600.0,4675.0,46922000
2023-04-05 00:00:00,4084.024169921875,4662.5,4725.0,4637.5,4675.0,50698800
2023-04-06 00:00:00,4105.92236328125,4687.5,4687.5,4662.5,4662.5,46209000
2023-04-10 00:00:00,4084.024169921875,4662.5,4687.5,4625.0,4675.0,37676400
2023-04-11 00:00:00,4105.92236328125,4687.5,4700.0,4650.0,4650.0,29357800
2023-04-12 00:00:00,4094.973388671875,4675.0,4700.0,4675.0,4700.0,46097000
2023-04-13 00:00:00,4105.92236328125,4687.5,4725.0,4675.0,4725.0,39924200
2023-04-14 00:00:00,4116.87158203125,4700.0,4750.0,4687.5,4712.5,64999800
2023-04-17 00:00:00,4138.76953125,4725.0,4725.0,4687.5,4712.5,28538400
2023-04-18 00:00:00,4149.71923828125,4737.5,4787.5,4700.0,4725.0,57641400
2023-04-26 00:00:00,4193.51513671875,4787.5,4787.5,4712.5,4775.0,93228000
2023-04-27 00:00:00,4160.66796875,4750.0,4800.0,4737.5,4775.0,26137000
2023-04-28 00:00:00,4127.82080078125,4712.5,4787.5,4712.5,4787.5,46132800
2023-05-02 00:00:00,4182.56640625,4775.0,4775.0,4712.5,4725.0,28908400
2023-05-03 00:00:00,4149.71923828125,4737.5,4775.0,4700.0,4775.0,30178200
2023-05-04 00:00:00,4073.0751953125,4650.0,4712.5,4637.5,4700.0,44453400
2023-05-05 00:00:00,4051.1767578125,4625.0,4662.5,4575.0,4650.0,54129200
2023-05-08 00:00:00,4007.380126953125,4575.0,4650.0,4575.0,4637.5,33599400
2023-05-09 00:00:00,3996.43115234375,4562.5,4587.5,4525.0,4562.5,36728200
2023-05-10 00:00:00,4029.278564453125,4600.0,4637.5,4587.5,4612.5,35383600
2023-05-11 00:00:00,4007.380126953125,4575.0,4575.0,4525.0,4575.0,38690600
2023-05-12 00:00:00,3941.685546875,4500.0,4575.0,4487.5,4562.5,50498800
2023-05-15 00:00:00,3897.888916015625,4450.0,4512.5,4425.0,4500.0,78164000
2023-05-16 00:00:00,3832.194091796875,4375.0,4487.5,4350.0,4475.0,101617400
2023-05-17 00:00:00,3832.194091796875,4375.0,4412.5,4325.0,4362.5,101667400
2023-05-19 00:00:00,3865.041748046875,4412.5,4450.0,4375.0,4400.0,96444800
2023-05-22 00:00:00,3875.990966796875,4425.0,4437.5,4387.5,4412.5,88480000
2023-05-23 00:00:00,3919.787353515625,4475.0,4500.0,4412.5,4412.5,107289400
2023-05-24 00:00:00,3865.041748046875,4412.5,4475.0,4400.0,4450.0,133024800
2023-05-25 00:00:00,3941.685546875,4500.0,4512.5,4400.0,4412.5,74127200
2023-05-26 00:00:00,3919.787353515625,4475.0,4537.5,4475.0,4500.0,43538600
2023-05-29 00:00:00,3963.583984375,4525.0,4525.0,4475.0,4500.0,27492000
2023-05-30 00:00:00,3952.634521484375,4512.5,4550.0,4487.5,4512.5,41695200
2023-05-31 00:00:00,3963.583984375,4525.0,4562.5,4512.5,4550.0,278133800
2023-06-05 00:00:00,3941.685546875,4500.0,4562.5,4500.0,4525.0,53155600
2023-06-06 00:00:00,4029.278564453125,4600.0,4625.0,4462.5,4500.0,82211400
2023-06-07 00:00:00,4007.380126953125,4575.0,4625.0,4537.5,4612.5,62411600
2023-06-08 00:00:00,4029.278564453125,4600.0,4600.0,4537.5,4575.0,34322400
2023-06-09 00:00:00,4040.2275390625,4612.5,4612.5,4575.0,4600.0,35863800
2023-06-12 00:00:00,4073.0751953125,4650.0,4650.0,4587.5,4625.0,34347200
2023-06-13 00:00:00,3996.43115234375,4562.5,4650.0,4550.0,4650.0,40190000
2023-06-14 00:00:00,3930.736328125,4487.5,4550.0,4475.0,4550.0,91447800
2023-06-15 00:00:00,3985.48193359375,4550.0,4550.0,4475.0,4487.5,35271200
2023-06-16 00:00:00,3952.634521484375,4512.5,4537.5,4475.0,4537.5,53221000
2023-06-19 00:00:00,3963.583984375,4525.0,4525.0,4475.0,4512.5,28209000
2023-06-20 00:00:00,3974.532958984375,4537.5,4537.5,4500.0,4525.0,27112200
2023-06-21 00:00:00,3985.48193359375,4550.0,4550.0,4500.0,4537.5,21594600
2023-06-22 00:00:00,3963.583984375,4525.0,4612.5,4525.0,4550.0,41779600
2023-06-23 00:00:00,3952.634521484375,4512.5,4550.0,4512.5,4537.5,22346200
2023-06-26 00:00:00,3996.43115234375,4562.5,4562.5,4487.5,4512.5,27723200
2023-06-27 00:00:00,4007.380126953125,4575.0,4587.5,4537.5,4562.5,33973200
2023-07-03 00:00:00,4040.2275390625,4612.5,4625.0,4575.0,4600.0,63091600
2023-07-04 00:00:00,3985.48193359375,4550.0,4612.5,4525.0,4612.5,31937600
2023-07-05 00:00:00,4007.380126953125,4575.0,4575.0,4537.5,4562.5,16724200
2023-07-06 00:00:00,3985.48193359375,4550.0,4600.0,4537.5,4575.0,48292600
2023-07-07 00:00:00,3974.532958984375,4537.5,4575.0,4537.5,4550.0,24713400
2023-07-10 00:00:00,3963.583984375,4525.0,4562.5,4525.0,4537.5,19832600
2023-07-11 00:00:00,3930.736328125,4487.5,4537.5,4487.5,4512.5,46162800
2023-07-12 00:00:00,3919.787353515625,4475.0,4512.5,4462.5,4500.0,83926600
2023-07-13 00:00:00,3897.888916015625,4450.0,4512.5,4437.5,4487.5,115995200
2023-07-14 00:00:00,3908.838134765625,4462.5,4487.5,4450.0,4462.5,43596800
2023-07-17 00:00:00,3919.787353515625,4475.0,4512.5,4475.0,4475.0,60019400
2023-07-18 00:00:00,3897.888916015625,4450.0,4500.0,4450.0,4475.0,65080800
2023-07-20 00:00:00,3963.583984375,4525.0,4525.0,4462.5,4462.5,62532400
2023-07-21 00:00:00,3963.583984375,4525.0,4525.0,4500.0,4525.0,19578200
2023-07-24 00:00:00,3952.634521484375,4512.5,4537.5,4500.0,4500.0,37485400
2023-07-25 00:00:00,3952.634521484375,4512.5,4562.5,4512.5,4525.0,45959000
2023-07-26 00:00:00,3919.787353515625,4475.0,4525.0,4462.5,4512.5,104007400
2023-07-27 00:00:00,3897.888916015625,4450.0,4475.0,4450.0,4462.5,85572800
2023-07-28 00:00:00,3886.939697265625,4437.5,4462.5,4400.0,4450.0,81248000
2023-07-31 00:00:00,3886.939697265625,4437.5,4475.0,4412.5,4450.0,65017400
2023-08-01 00:00:00,3799.346923828125,4337.5,4425.0,4312.5,4412.5,136286600
2023-08-02 00:00:00,3886.939697265625,4437.5,4437.5,4350.0,4350.0,66452600
2023-08-03 00:00:00,3919.787353515625,4475.0,4500.0,4425.0,4437.5,82168800
2023-08-04 00:00:00,3941.685546875,4500.0,4525.0,4462.5,4475.0,56224800
2023-08-07 00:00:00,3941.685546875,4500.0,4525.0,4500.0,4500.0,35042800
2023-08-08 00:00:00,3908.838134765625,4462.5,4512.5,4450.0,4500.0,28001600
2023-08-09 00:00:00,3974.532958984375,4537.5,4550.0,4462.5,4462.5,67682000
2023-08-10 00:00:00,3985.48193359375,4550.0,4562.5,4525.0,4550.0,47185600
2023-08-11 00:00:00,3985.48193359375,4550.0,4562.5,4525.0,4550.0,33962600
2023-08-14 00:00:00,4029.278564453125,4600.0,4625.0,4550.0,4562.5,90433400
2023-08-15 00:00:00,3985.48193359375,4550.0,4612.5,4550.0,4600.0,48732000
2023-08-16 00:00:00,3985.48193359375,4550.0,4562.5,4475.0,4550.0,54525000
2023-08-18 00:00:00,3963.583984375,4525.0,4537.5,4487.5,4537.5,51664400
2023-08-21 00:00:00,3996.43115234375,4562.5,4562.5,4525.0,4537.5,35954600
2023-08-22 00:00:00,3985.48193359375,4550.0,4575.0,4537.5,4562.5,30726000
2023-08-23 00:00:00,3974.532958984375,4537.5,4562.5,4537.5,4550.0,27342600
2023-08-24 00:00:00,3996.43115234375,4562.5,4575.0,4537.5,4537.5,28494200
2023-08-25 00:00:00,3985.48193359375,4550.0,4562.5,4525.0,4550.0,27453200
2023-08-28 00:00:00,3985.48193359375,4550.0,4575.0,4537.5,4550.0,21944400
2023-08-29 00:00:00,4007.380126953125,4575.0,4600.0,4550.0,4550.0,49788000
2023-08-30 00:00:00,4029.278564453125,4600.0,4650.0,4587.5,4587.5,83251800
2023-08-31 00:00:00,4018.32958984375,4587.5,4625.0,4587.5,4600.0,64007200
2023-09-01 00:00:00,4018.32958984375,4587.5,4612.5,4587.5,4600.0,16703400
2023-09-04 00:00:00,4138.76953125,4725.0,4762.5,4600.0,4625.0,146903600
2023-09-05 00:00:00,4215.41357421875,4812.5,4850.0,4725.0,4725.0,100659200
2023-09-06 00:00:00,4193.51513671875,4787.5,4837.5,4787.5,4837.5,60567600
2023-09-07 00:00:00,4160.66796875,4750.0,4787.5,4700.0,4787.5,52556600
2023-09-08 00:00:00,4105.92236328125,4687.5,4750.0,4675.0,4750.0,49974400
2023-09-11 00:00:00,4138.76953125,4725.0,4750.0,4650.0,4687.5,54934600
2023-09-12 00:00:00,4073.0751953125,4650.0,4725.0,4650.0,4725.0,53087200
2023-09-13 00:00:00,4094.973388671875,4675.0,4687.5,4637.5,4662.5,44955600
2023-09-14 00:00:00,4138.76953125,4725.0,4750.0,4675.0,4700.0,57207600
2023-09-15 00:00:00,4149.71923828125,4737.5,4762.5,4712.5,4725.0,73345200
2023-09-18 00:00:00,4094.973388671875,4675.0,4750.0,4675.0,4737.5,32816000
2023-09-19 00:00:00,4138.76953125,4725.0,4762.5,4675.0,4687.5,26575600
2023-09-20 00:00:00,4193.51513671875,4787.5,4837.5,4725.0,4725.0,82221800
2023-09-21 00:00:00,4204.46484375,4800.0,4837.5,4775.0,4787.5,56156800
2023-09-22 00:00:00,4270.1591796875,4875.0,4937.5,4800.0,4825.0,93225000
2023-09-25 00:00:00,4401.548828125,5025.0,5025.0,4875.0,4875.0,110954800
2023-09-26 00:00:00,4368.70166015625,4987.5,5050.0,4975.0,5037.5,127165000
2023-09-27 00:00:00,4434.39599609375,5062.5,5112.5,4975.0,4987.5,92088000
2023-09-29 00:00:00,4521.9892578125,5162.5,5212.5,5075.0,5087.5,76949400
2023-10-02 00:00:00,4511.0400390625,5150.0,5250.0,5150.0,5162.5,52562400
2023-10-03 00:00:00,4565.78564453125,5212.5,5225.0,5162.5,5175.0,49593400
2023-10-04 00:00:00,4543.88720703125,5187.5,5237.5,5125.0,5225.0,57958800
2023-10-05 00:00:00,4543.88720703125,5187.5,5200.0,5175.0,5200.0,69727000
2023-10-06 00:00:00,4554.83642578125,5200.0,5225.0,5175.0,5225.0,41840100
2023-10-09 00:00:00,4467.24365234375,5100.0,5200.0,5050.0,5200.0,55808900
2023-10-10 00:00:00,4554.83642578125,5200.0,5200.0,5150.0,5175.0,27090900
2023-10-11 00:00:00,4532.9384765625,5175.0,5200.0,5150.0,5200.0,63713600
2023-10-12 00:00:00,4664.32763671875,5325.0,5425.0,5200.0,5200.0,71485100
2023-10-13 00:00:00,4532.9384765625,5175.0,5375.0,5175.0,5350.0,49138900
2023-10-16 00:00:00,4554.83642578125,5200.0,5275.0,5150.0,5200.0,35029400
2023-10-17 00:00:00,4554.83642578125,5200.0,5225.0,5150.0,5200.0,29834000
2023-10-18 00:00:00,4489.1416015625,5125.0,5225.0,5100.0,5200.0,46027500
2023-10-19 00:00:00,4327.0947265625,4940.0,5100.0,4900.0,5100.0,96750500
2023-10-20 00:00:00,4353.37255859375,4970.0,5025.0,4910.0,4940.0,48517500
2023-10-23 00:00:00,4370.89111328125,4990.0,5050.0,4950.0,4970.0,36582200
2023-10-24 00:00:00,4379.650390625,5000.0,5075.0,4970.0,5000.0,43655100
2023-10-25 00:00:00,4353.37255859375,4970.0,5050.0,4960.0,5050.0,49108000
2023-10-26 00:00:00,4274.5390625,4880.0,4990.0,4830.0,4980.0,77078100
2023-10-27 00:00:00,4248.2607421875,4850.0,4900.0,4850.0,4880.0,39350600
2023-10-30 00:00:00,4248.2607421875,4850.0,4860.0,4810.0,4850.0,34312600
2023-10-31 00:00:00,4195.705078125,4790.0,4850.0,4720.0,4850.0,62061200
2023-11-01 00:00:00,4221.98291015625,4820.0,4930.0,4790.0,4930.0,58008400
2023-11-02 00:00:00,4265.77978515625,4870.0,4920.0,4810.0,4820.0,61528700
2023-11-03 00:00:00,4283.29833984375,4890.0,4940.0,4880.0,4910.0,37333500
2023-11-06 00:00:00,4353.37255859375,4970.0,5000.0,4940.0,4980.0,54278500
2023-11-07 00:00:00,4327.0947265625,4940.0,4970.0,4910.0,4970.0,38213600
2023-11-08 00:00:00,4274.5390625,4880.0,4950.0,4860.0,4940.0,30691100
2023-11-09 00:00:00,4257.0205078125,4860.0,4950.0,4860.0,4880.0,32999400
2023-11-10 00:00:00,4257.0205078125,4860.0,4870.0,4820.0,4860.0,37753900
2023-11-13 00:00:00,4283.29833984375,4890.0,4910.0,4870.0,4890.0,17199700
2023-11-14 00:00:00,4274.5390625,4880.0,4940.0,4880.0,4910.0,27961100
2023-11-15 00:00:00,4362.13232421875,4980.0,5025.0,4960.0,4970.0,93350800
2023-11-16 00:00:00,4335.85400390625,4950.0,4990.0,4910.0,4970.0,38121600
2023-11-17 00:00:00,4362.13232421875,4980.0,4990.0,4900.0,4940.0,48489500
2023-11-20 00:00:00,4362.13232421875,4980.0,5025.0,4970.0,5000.0,52108800
2023-11-21 00:00:00,4445.34521484375,5075.0,5100.0,4990.0,5000.0,129449900
2023-11-22 00:00:00,4445.34521484375,5075.0,5100.0,5025.0,5100.0,28872800
2023-11-23 00:00:00,4511.0400390625,5150.0,5175.0,5075.0,5100.0,80157000
2023-11-24 00:00:00,4554.83642578125,5200.0,5250.0,5175.0,5175.0,61211100
2023-11-27 00:00:00,4620.53125,5275.0,5350.0,5225.0,5225.0,79553000
2023-11-28 00:00:00,4532.9384765625,5175.0,5350.0,5175.0,5350.0,43142000
2023-11-29 00:00:00,4576.73486328125,5225.0,5225.0,5100.0,5125.0,48041400
2023-11-30 00:00:00,4620.53125,5275.0,5275.0,5150.0,5150.0,127524100
2023-12-01 00:00:00,4598.63330078125,5250.0,5300.0,5200.0,5300.0,31223300
2023-12-04 00:00:00,4642.4296875,5300.0,5350.0,5250.0,5275.0,34104500
2023-12-05 00:00:00,4642.4296875,5300.0,5325.0,5225.0,5300.0,29788300
2023-12-06 00:00:00,4576.73486328125,5225.0,5325.0,5225.0,5300.0,32453700
2023-12-07 00:00:00,4620.53125,5275.0,5300.0,5150.0,5225.0,36511000
2023-12-08 00:00:00,4445.34521484375,5075.0,5225.0,5075.0,5200.0,47842200
2023-12-11 00:00:00,4532.9384765625,5175.0,5200.0,5050.0,5075.0,36394800
2023-12-12 00:00:00,4620.53125,5275.0,5300.0,5225.0,5250.0,40554100
2023-12-13 00:00:00,4532.9384765625,5175.0,5275.0,5125.0,5275.0,39240500
2023-12-14 00:00:00,4686.22607421875,5350.0,5400.0,5225.0,5225.0,85061100
2023-12-15 00:00:00,4620.53125,5275.0,5425.0,5275.0,5425.0,58451500
2023-12-18 00:00:00,4554.83642578125,5200.0,5300.0,5175.0,5250.0,51524600
2023-12-19 00:00:00,4554.83642578125,5200.0,5250.0,5175.0,5200.0,42678100
2023-12-20 00:00:00,4554.83642578125,5200.0,5250.0,5175.0,5225.0,54306000
2023-12-21 00:00:00,4511.0400390625,5150.0,5225.0,5125.0,5225.0,48767200
2023-12-22 00:00:00,4598.63330078125,5250.0,5250.0,5175.0,5200.0,35234900
2023-12-27 00:00:00,4620.53125,5275.0,5325.0,5250.0,5300.0,31289300
2023-12-28 00:00:00,4686.22607421875,5350.0,5400.0,5250.0,5300.0,37566900
2023-12-29 00:00:00,4708.12451171875,5375.0,5400.0,5325.0,5375.0,38423300
2024-01-02 00:00:00,4708.12451171875,5375.0,5375.0,5300.0,5375.0,20147500
2024-01-03 00:00:00,4686.22607421875,5350.0,5400.0,5325.0,5375.0,27547700
2024-01-04 00:00:00,4905.20849609375,5600.0,5675.0,5325.0,5350.0,77162400
2024-01-05 00:00:00,4883.31005859375,5575.0,5750.0,5575.0,5675.0,69463500
2024-01-08 00:00:00,4883.31005859375,5575.0,5650.0,5550.0,5575.0,60606600
2024-01-09 00:00:00,4949.00537109375,5650.0,5650.0,5600.0,5600.0,34897000
2024-01-10 00:00:00,4905.20849609375,5600.0,5675.0,5575.0,5625.0,37988500
2024-01-11 00:00:00,4905.20849609375,5600.0,5700.0,5575.0,5650.0,22855800
2024-01-12 00:00:00,4905.20849609375,5600.0,5650.0,5575.0,5600.0,40942900
2024-01-15 00:00:00,4927.10693359375,5625.0,5675.0,5600.0,5650.0,51408800
2024-01-16 00:00:00,4905.20849609375,5600.0,5625.0,5575.0,5625.0,37795700
2024-01-17 00:00:00,4861.412109375,5550.0,5625.0,5475.0,5600.0,61481200
2024-01-18 00:00:00,4861.412109375,5550.0,5600.0,5475.0,5550.0,33241700
2024-01-19 00:00:00,4817.61572265625,5500.0,5575.0,5475.0,5575.0,29776100
2024-01-22 00:00:00,4839.51416015625,5525.0,5600.0,5450.0,5525.0,30949600
2024-01-23 00:00:00,4751.9208984375,5425.0,5525.0,5375.0,5525.0,48824300
2024-01-24 00:00:00,4795.71728515625,5475.0,5500.0,5400.0,5450.0,42436800
2024-01-25 00:00:00,4730.02294921875,5400.0,5525.0,5400.0,5500.0,47955600
2024-01-26 00:00:00,4751.9208984375,5425.0,5425.0,5350.0,5400.0,30545600
2024-01-29 00:00:00,4883.31005859375,5575.0,5575.0,5450.0,5450.0,63056100
2024-01-30 00:00:00,4949.00537109375,5650.0,5675.0,5550.0,5575.0,55020500
2024-01-31 00:00:00,5036.59814453125,5750.0,5800.0,5675.0,5700.0,70045600
2024-02-01 00:00:00,5014.69970703125,5725.0,5750.0,5650.0,5750.0,49179400
2024-02-02 00:00:00,5058.49658203125,5775.0,5825.0,5750.0,5750.0,44074200
2024-02-05 00:00:00,5036.59814453125,5750.0,5825.0,5725.0,5775.0,47096400
2024-02-06 00:00:00,5058.49658203125,5775.0,5825.0,5750.0,5775.0,41834000
2024-02-07 00:00:00,5036.59814453125,5750.0,5825.0,5750.0,5775.0,39906900
2024-02-12 00:00:00,5211.7841796875,5950.0,6000.0,5750.0,5775.0,64615800
2024-02-13 00:00:00,5146.08935546875,5875.0,5975.0,5850.0,5975.0,74976200
2024-02-15 00:00:00,5255.58056640625,6000.0,6225.0,6000.0,6150.0,128792500
2024-02-16 00:00:00,5255.58056640625,6000.0,6125.0,6000.0,6025.0,62601000
2024-02-19 00:00:00,5146.08935546875,5875.0,6050.0,5875.0,6025.0,67950100
2024-02-20 00:00:00,5277.47900390625,6025.0,6025.0,5900.0,5900.0,37554100
2024-02-21 00:00:00,5255.58056640625,6000.0,6050.0,5925.0,6025.0,54476400
2024-02-22 00:00:00,5211.7841796875,5950.0,6025.0,5900.0,6000.0,37676100
2024-02-23 00:00:00,5167.98779296875,5900.0,6000.0,5825.0,6000.0,50216600
2024-02-26 00:00:00,5167.98779296875,5900.0,5925.0,5800.0,5900.0,27500000
2024-02-27 00:00:00,5255.58056640625,6000.0,6000.0,5850.0,5900.0,38645200
2024-02-28 00:00:00,5233.6826171875,5975.0,6000.0,5900.0,5950.0,27278600
2024-02-29 00:00:00,5255.58056640625,6000.0,6000.0,5900.0,5975.0,48736000
2024-03-01 00:00:00,5167.98779296875,5900.0,5975.0,5825.0,5925.0,71774400
2024-03-04 00:00:00,5146.08935546875,5875.0,5925.0,5800.0,5900.0,35600700
2024-03-05 00:00:00,5167.98779296875,5900.0,5950.0,5850.0,5875.0,49795500
2024-03-06 00:00:00,5211.7841796875,5950.0,5950.0,5875.0,5900.0,28923100
2024-03-07 00:00:00,5233.6826171875,5975.0,6025.0,5950.0,5975.0,47464200
2024-03-08 00:00:00,5343.173828125,6100.0,6125.0,5975.0,6000.0,73185000
2024-03-13 00:00:00,5452.6650390625,6225.0,6250.0,6100.0,6100.0,87861700
2024-03-14 00:00:00,5386.97021484375,6150.0,6250.0,6075.0,6225.0,88145400
2024-03-15 00:00:00,5323.1796875,5800.0,5950.0,5725.0,5950.0,144447600
2024-03-18 00:00:00,5323.1796875,5800.0,5900.0,5800.0,5825.0,48979300
2024-03-19 00:00:00,5369.06884765625,5850.0,5875.0,5800.0,5800.0,34162200
2024-03-20 00:00:00,5392.013671875,5875.0,5900.0,5850.0,5850.0,32725900
2024-03-21 00:00:00,5323.1796875,5800.0,5925.0,5800.0,5900.0,50976000
2024-03-22 00:00:00,5369.06884765625,5850.0,5875.0,5800.0,5850.0,29927600
2024-03-25 00:00:00,5437.9033203125,5925.0,5925.0,5825.0,5925.0,43514000
2024-03-26 00:00:00,5460.84814453125,5950.0,5950.0,5850.0,5950.0,29383900
2024-03-27 00:00:00,5437.9033203125,5925.0,5975.0,5900.0,5950.0,19643200
2024-03-28 00:00:00,5414.95849609375,5900.0,5950.0,5850.0,5950.0,40077400
2024-04-01 00:00:00,5185.51123046875,5650.0,5900.0,5550.0,5900.0,100174400
2024-04-02 00:00:00,5024.89794921875,5475.0,5625.0,5425.0,5625.0,121164600
2024-04-03 00:00:00,4887.2294921875,5325.0,5525.0,5225.0,5450.0,126994500
2024-04-04 00:00:00,4910.17431640625,5350.0,5375.0,5250.0,5250.0,163113100
2024-04-05 00:00:00,4864.28466796875,5300.0,5375.0,5300.0,5325.0,36818200
2024-04-16 00:00:00,4772.505859375,5200.0,5300.0,5050.0,5075.0,164123600
2024-04-17 00:00:00,4818.3955078125,5250.0,5350.0,5250.0,5250.0,68948000
2024-04-18 00:00:00,4864.28466796875,5300.0,5350.0,5250.0,5250.0,57785900
2024-04-19 00:00:00,4795.45068359375,5225.0,5275.0,5175.0,5250.0,52519300
2024-04-22 00:00:00,4910.17431640625,5350.0,5350.0,5150.0,5250.0,62509300
2024-04-23 00:00:00,4818.3955078125,5250.0,5425.0,5250.0,5375.0,45322700
2024-04-24 00:00:00,4864.28466796875,5300.0,5350.0,5200.0,5300.0,44771200
2024-04-25 00:00:00,4864.28466796875,5300.0,5325.0,5225.0,5300.0,35922300
2024-04-26 00:00:00,4726.6162109375,5150.0,5275.0,5100.0,5200.0,80482400
2024-04-29 00:00:00,4795.45068359375,5225.0,5225.0,5050.0,5125.0,41068600
2024-04-30 00:00:00,4818.3955078125,5250.0,5350.0,5225.0,5325.0,73658500
2024-05-02 00:00:00,4432.923828125,4830.0,5250.0,4810.0,5200.0,183458300
2024-05-03 00:00:00,4432.923828125,4830.0,4880.0,4750.0,4850.0,89058400
2024-05-06 00:00:00,4414.56787109375,4810.0,4890.0,4800.0,4880.0,81862000
2024-05-07 00:00:00,4313.61083984375,4700.0,4810.0,4680.0,4790.0,82580800
2024-05-08 00:00:00,4286.0771484375,4670.0,4770.0,4620.0,4680.0,58548300
2024-05-13 00:00:00,4387.0341796875,4780.0,4780.0,4600.0,4600.0,54329600
2024-05-14 00:00:00,4524.70263671875,4930.0,4940.0,4780.0,4790.0,70014900
2024-05-15 00:00:00,4611.892578125,5025.0,5100.0,4850.0,4880.0,85730700
2024-05-16 00:00:00,4772.505859375,5200.0,5275.0,5100.0,5125.0,118382400
2024-05-17 00:00:00,4749.56103515625,5175.0,5275.0,5125.0,5200.0,67679700
2024-05-20 00:00:00,4570.59228515625,4980.0,5250.0,4950.0,5200.0,76605300
2024-05-21 00:00:00,4377.8564453125,4770.0,4980.0,4760.0,4980.0,87501700
2024-05-22 00:00:00,4368.67822265625,4760.0,4800.0,4720.0,4720.0,60859500
2024-05-27 00:00:00,4286.0771484375,4670.0,4790.0,4630.0,4770.0,60499200
2024-05-28 00:00:00,4322.7890625,4710.0,4790.0,4690.0,4700.0,25799600
2024-05-29 00:00:00,4157.5869140625,4530.0,4690.0,4500.0,4680.0,111830200
2024-05-30 00:00:00,4120.875,4490.0,4560.0,4370.0,4500.0,81608700
2024-05-31 00:00:00,4038.274169921875,4400.0,4570.0,4400.0,4540.0,145978300
2024-06-03 00:00:00,4240.18798828125,4620.0,4640.0,4450.0,4460.0,53865700
2024-06-04 00:00:00,4258.54345703125,4640.0,4700.0,4600.0,4650.0,52885400
2024-06-05 00:00:00,4231.009765625,4610.0,4660.0,4580.0,4630.0,46536400
2024-06-06 00:00:00,4377.8564453125,4770.0,4770.0,4630.0,4670.0,69154900
2024-06-07 00:00:00,4313.61083984375,4700.0,4780.0,4660.0,4770.0,45575300
2024-06-10 00:00:00,4231.009765625,4610.0,4660.0,4550.0,4650.0,65704900
2024-06-11 00:00:00,4111.697265625,4480.0,4630.0,4480.0,4560.0,95286400
2024-06-12 00:00:00,4065.807861328125,4430.0,4460.0,4410.0,4430.0,112781100
2024-06-13 00:00:00,4111.697265625,4480.0,4520.0,4460.0,4500.0,47763900
2024-06-14 00:00:00,3955.673095703125,4310.0,4480.0,4310.0,4480.0,65046900
2024-06-19 00:00:00,3946.4951171875,4300.0,4390.0,4260.0,4310.0,60373800
2024-06-20 00:00:00,4038.274169921875,4400.0,4410.0,4300.0,4320.0,50579900
2024-06-21 00:00:00,4166.7646484375,4540.0,4610.0,4400.0,4400.0,108982500
2024-06-24 00:00:00,4166.7646484375,4540.0,4600.0,4460.0,4540.0,49112400
2024-06-25 00:00:00,4111.697265625,4480.0,4530.0,4420.0,4520.0,44861500
2024-06-26 00:00:00,4056.6298828125,4420.0,4530.0,4420.0,4480.0,34063700
2024-06-27 00:00:00,4203.47607421875,4580.0,4610.0,4430.0,4450.0,85462100
2024-06-28 00:00:00,4276.8994140625,4660.0,4740.0,4590.0,4590.0,95384300
2024-07-01 00:00:00,4322.7890625,4710.0,4720.0,4650.0,4690.0,43250900
2024-07-02 00:00:00,4322.7890625,4710.0,4730.0,4670.0,4710.0,35142800
2024-07-03 00:00:00,4267.7216796875,4650.0,4740.0,4630.0,4730.0,41531700
2024-07-04 00:00:00,4322.7890625,4710.0,4770.0,4660.0,4690.0,61435900
2024-07-05 00:00:00,4313.61083984375,4700.0,4780.0,4690.0,4730.0,67585600
2024-07-08 00:00:00,4286.0771484375,4670.0,4740.0,4670.0,4730.0,36004700
2024-07-09 00:00:00,4460.45751953125,4860.0,4870.0,4670.0,4670.0,87456600
2024-07-10 00:00:00,4423.74560546875,4820.0,4900.0,4820.0,4850.0,48700200
2024-07-11 00:00:00,4469.63525390625,4870.0,4880.0,4830.0,4850.0,37573700
2024-07-12 00:00:00,4611.892578125,5025.0,5125.0,4920.0,4920.0,151520700
2024-07-15 00:00:00,4611.892578125,5025.0,5075.0,4980.0,5050.0,94794900
2024-07-16 00:00:00,4570.59228515625,4980.0,5050.0,4980.0,5050.0,66371200
2024-07-17 00:00:00,4588.94775390625,5000.0,5075.0,5000.0,5050.0,59615300
2024-07-18 00:00:00,4657.7822265625,5075.0,5125.0,4990.0,4990.0,86127800
2024-07-19 00:00:00,4680.72705078125,5100.0,5100.0,5025.0,5075.0,66907300
2024-07-22 00:00:00,4680.72705078125,5100.0,5150.0,5050.0,5125.0,32378000
2024-07-23 00:00:00,4634.83740234375,5050.0,5125.0,5050.0,5100.0,30554100
2024-07-24 00:00:00,4680.72705078125,5100.0,5100.0,5000.0,5050.0,23442100
2024-07-25 00:00:00,4611.892578125,5025.0,5075.0,4980.0,5050.0,52463300
2024-07-26 00:00:00,4588.94775390625,5000.0,5075.0,4990.0,5000.0,41982600
2024-07-29 00:00:00,4611.892578125,5025.0,5050.0,5000.0,5025.0,19854800
2024-07-30 00:00:00,4543.05859375,4950.0,5000.0,4950.0,5000.0,36234500
2024-07-31 00:00:00,4561.4140625,4970.0,5025.0,4920.0,4970.0,34106000
2024-08-01 00:00:00,4657.7822265625,5075.0,5075.0,4940.0,4940.0,54207300
2024-08-02 00:00:00,4680.72705078125,5100.0,5150.0,5025.0,5050.0,75959300
2024-08-05 00:00:00,4552.236328125,4960.0,5050.0,4880.0,5025.0,65485300
2024-08-06 00:00:00,4611.892578125,5025.0,5075.0,4940.0,5000.0,51827100
2024-08-07 00:00:00,4588.94775390625,5000.0,5050.0,4980.0,5025.0,32547900
2024-08-08 00:00:00,4611.892578125,5025.0,5100.0,4970.0,5000.0,51493100
2024-08-09 00:00:00,4703.67138671875,5125.0,5200.0,5050.0,5050.0,33031700
2024-08-12 00:00:00,4703.67138671875,5125.0,5150.0,5075.0,5150.0,14296000
2024-08-13 00:00:00,4749.56103515625,5175.0,5200.0,5125.0,5175.0,26196400
2024-08-14 00:00:00,4841.33984375,5275.0,5375.0,5225.0,5250.0,93112500
2024-08-15 00:00:00,4818.3955078125,5250.0,5325.0,5225.0,5300.0,33034700
2024-08-16 00:00:00,4864.28466796875,5300.0,5350.0,5275.0,5300.0,33604900
2024-08-19 00:00:00,4910.17431640625,5350.0,5450.0,5275.0,5300.0,55661900
2024-08-20 00:00:00,5024.89794921875,5475.0,5500.0,5375.0,5375.0,69978300
2024-08-21 00:00:00,5001.953125,5450.0,5550.0,5425.0,5475.0,92703900
2024-08-22 00:00:00,4841.33984375,5275.0,5425.0,5225.0,5425.0,72626600
2024-08-23 00:00:00,5001.953125,5450.0,5500.0,5300.0,5300.0,69905300
2024-08-26 00:00:00,5070.78759765625,5525.0,5550.0,5450.0,5450.0,68435700
2024-08-27 00:00:00,4956.06396484375,5400.0,5550.0,5350.0,5525.0,57135700
2024-08-28 00:00:00,4933.119140625,5375.0,5425.0,5275.0,5400.0,48476500
2024-08-29 00:00:00,4864.28466796875,5300.0,5425.0,5300.0,5425.0,40749200
2024-08-30 00:00:00,4910.17431640625,5350.0,5400.0,5300.0,5300.0,86718500
2024-09-02 00:00:00,4910.17431640625,5350.0,5400.0,5325.0,5350.0,22988100
2024-09-03 00:00:00,4933.119140625,5375.0,5400.0,5325.0,5375.0,20288700
2024-09-04 00:00:00,4910.17431640625,5350.0,5375.0,5300.0,5325.0,47278700
2024-09-05 00:00:00,5001.953125,5450.0,5450.0,5350.0,5375.0,62221800
2024-09-06 00:00:00,5185.51123046875,5650.0,5675.0,5475.0,5500.0,139365300
2024-09-09 00:00:00,5254.34521484375,5725.0,5750.0,5625.0,5650.0,78827500
2024-09-10 00:00:00,5231.400390625,5700.0,5775.0,5700.0,5750.0,55033900
2024-09-11 00:00:00,5185.51123046875,5650.0,5750.0,5650.0,5700.0,33792600
2024-09-12 00:00:00,5139.62158203125,5600.0,5650.0,5575.0,5625.0,43318600
2024-09-13 00:00:00,5162.56640625,5625.0,5650.0,5575.0,5600.0,34311700
2024-09-17 00:00:00,5185.51123046875,5650.0,5700.0,5600.0,5600.0,40776200
2024-09-18 00:00:00,5231.400390625,5700.0,5700.0,5600.0,5700.0,64489200
2024-09-19 00:00:00,5346.12451171875,5825.0,5850.0,5750.0,5800.0,93847800
2024-09-20 00:00:00,5277.2900390625,5750.0,5825.0,5750.0,5825.0,47673600
2024-09-23 00:00:00,5323.1796875,5800.0,5850.0,5725.0,5750.0,48008700
2024-09-24 00:00:00,5323.1796875,5800.0,5825.0,5750.0,5800.0,39900400
2024-09-25 00:00:00,5139.62158203125,5600.0,5750.0,5450.0,5750.0,120885200
2024-09-26 00:00:00,5139.62158203125,5600.0,5625.0,5450.0,5600.0,59306200
2024-09-27 00:00:00,5001.953125,5450.0,5600.0,5400.0,5600.0,79718100
2024-09-30 00:00:00,4910.17431640625,5350.0,5450.0,5325.0,5400.0,69417600
2024-10-01 00:00:00,4933.119140625,5375.0,5450.0,5350.0,5375.0,40085600
2024-10-02 00:00:00,4910.17431640625,5350.0,5400.0,5300.0,5325.0,27716400
2024-10-03 00:00:00,4933.119140625,5375.0,5400.0,5300.0,5375.0,42597000
2024-10-04 00:00:00,4887.2294921875,5325.0,5425.0,5250.0,5400.0,35822100
2024-10-07 00:00:00,4772.505859375,5200.0,5350.0,5200.0,5325.0,52624000
2024-10-08 00:00:00,4910.17431640625,5350.0,5400.0,5100.0,5150.0,90686900
2024-10-09 00:00:00,4887.2294921875,5325.0,5425.0,5275.0,5350.0,70831500
2024-10-10 00:00:00,4887.2294921875,5325.0,5400.0,5325.0,5350.0,25892500
2024-10-11 00:00:00,4933.119140625,5375.0,5425.0,5325.0,5425.0,14488900
2024-10-14 00:00:00,4979.00830078125,5425.0,5450.0,5375.0,5375.0,36808100
2024-10-15 00:00:00,5047.8427734375,5500.0,5525.0,5425.0,5450.0,44248600
2024-10-16 00:00:00,5024.89794921875,5475.0,5500.0,5450.0,5500.0,26629100
2024-10-17 00:00:00,5047.8427734375,5500.0,5575.0,5475.0,5500.0,48570900
2024-10-18 00:00:00,5185.51123046875,5650.0,5650.0,5550.0,5550.0,58870300
2024-10-21 00:00:00,5162.56640625,5625.0,5750.0,5600.0,5700.0,50980600
2024-10-22 00:00:00,5185.51123046875,5650.0,5675.0,5575.0,5650.0,59956900
2024-10-23 00:00:00,5208.4560546875,5675.0,5675.0,5600.0,5675.0,63163700
2024-10-24 00:00:00,5162.56640625,5625.0,5700.0,5625.0,5650.0,26445200
2024-10-25 00:00:00,5185.51123046875,5650.0,5650.0,5550.0,5625.0,20200300
2024-10-28 00:00:00,5047.8427734375,5500.0,5675.0,5425.0,5650.0,48523000
2024-10-29 00:00:00,4864.28466796875,5300.0,5500.0,5275.0,5400.0,77068500
2024-10-30 00:00:00,4795.45068359375,5225.0,5325.0,5200.0,5300.0,58411700
2024-10-31 00:00:00,4818.3955078125,5250.0,5300.0,5175.0,5200.0,50040800
2024-11-01 00:00:00,4772.505859375,5200.0,5250.0,5175.0,5250.0,21870200
2024-11-04 00:00:00,4864.28466796875,5300.0,5325.0,5150.0,5225.0,31669500
2024-11-05 00:00:00,4956.06396484375,5400.0,5450.0,5250.0,5275.0,32446400
2024-11-06 00:00:00,4703.67138671875,5125.0,5425.0,5100.0,5425.0,67214100
2024-11-07 00:00:00,4611.892578125,5025.0,5175.0,5025.0,5150.0,63745800
2024-11-08 00:00:00,4570.59228515625,4980.0,5125.0,4970.0,5075.0,51133100
2024-11-11 00:00:00,4579.77001953125,4990.0,5025.0,4800.0,4950.0,44028300
2024-11-12 00:00:00,4524.70263671875,4930.0,5000.0,4870.0,4960.0,70220900
2024-11-13 00:00:00,4552.236328125,4960.0,5025.0,4910.0,4930.0,64548800
2024-11-14 00:00:00,4543.05859375,4950.0,4970.0,4910.0,4960.0,33431400
2024-11-15 00:00:00,4506.3466796875,4910.0,4940.0,4870.0,4920.0,32785700
2024-11-18 00:00:00,4469.63525390625,4870.0,4930.0,4830.0,4930.0,22240200
2024-11-19 00:00:00,4451.279296875,4850.0,4890.0,4800.0,4860.0,28214800
2024-11-20 00:00:00,4451.279296875,4850.0,4900.0,4800.0,4870.0,24693600
2024-11-21 00:00:00,4331.966796875,4720.0,4850.0,4710.0,4820.0,45727200
2024-11-22 00:00:00,4442.1015625,4840.0,4860.0,4740.0,4750.0,50258400
2024-11-25 00:00:00,4579.77001953125,4990.0,5075.0,4840.0,4850.0,98405900
2024-11-26 00:00:00,4543.05859375,4950.0,5050.0,4950.0,5025.0,37322800
2024-11-28 00:00:00,4611.892578125,5025.0,5075.0,4950.0,5025.0,28337000
2024-11-29 00:00:00,4570.59228515625,4980.0,5050.0,4940.0,5025.0,48885400
2024-12-02 00:00:00,4322.7890625,4710.0,5000.0,4710.0,4980.0,49318100
2024-12-03 00:00:00,4387.0341796875,4780.0,4840.0,4730.0,4740.0,60101100
2024-12-04 00:00:00,4543.05859375,4950.0,4980.0,4790.0,4800.0,46942200
2024-12-05 00:00:00,4423.74560546875,4820.0,4950.0,4810.0,4950.0,33537600
2024-12-06 00:00:00,4460.45751953125,4860.0,4880.0,4780.0,4820.0,25735100
2024-12-09 00:00:00,4588.94775390625,5000.0,5050.0,4880.0,4890.0,43938100
2024-12-10 00:00:00,4680.72705078125,5100.0,5100.0,4930.0,4990.0,39158900
2024-12-11 00:00:00,4657.7822265625,5075.0,5175.0,5050.0,5050.0,39770900
2024-12-12 00:00:00,4478.81298828125,4880.0,5025.0,4880.0,5025.0,45911900
2024-12-13 00:00:00,4341.14453125,4730.0,4830.0,4720.0,4800.0,72851000
2024-12-16 00:00:00,4258.54345703125,4640.0,4720.0,4600.0,4610.0,83736700
2024-12-17 00:00:00,4102.51953125,4470.0,4640.0,4430.0,4620.0,119873700
2024-12-18 00:00:00,4065.807861328125,4430.0,4530.0,4410.0,4470.0,56470100
2024-12-19 00:00:00,3955.673095703125,4310.0,4370.0,4300.0,4360.0,71247000
2024-12-20 00:00:00,3909.78369140625,4260.0,4360.0,4260.0,4330.0,83872500
2024-12-23 00:00:00,4019.91845703125,4380.0,4390.0,4320.0,4320.0,43668100
2024-12-24 00:00:00,4019.91845703125,4380.0,4400.0,4340.0,4380.0,21458900
2024-12-27 00:00:00,4001.5625,4360.0,4430.0,4360.0,4380.0,22838700
2024-12-30 00:00:00,3992.384765625,4350.0,4380.0,4270.0,4340.0,43899600
2025-01-02 00:00:00,4212.654296875,4590.0,4590.0,4360.0,4360.0,56985400
2025-01-03 00:00:00,4166.7646484375,4540.0,4630.0,4540.0,4600.0,76388000
2025-01-06 00:00:00,4065.807861328125,4430.0,4560.0,4410.0,4550.0,26008100
2025-01-07 00:00:00,4001.5625,4360.0,4410.0,4340.0,4370.0,36973900
2025-01-08 00:00:00,4010.740478515625,4370.0,4430.0,4350.0,4350.0,39476000
2025-01-09 00:00:00,4019.91845703125,4380.0,4410.0,4350.0,4360.0,25545500
2025-01-10 00:00:00,3992.384765625,4350.0,4420.0,4350.0,4380.0,28235300
2025-01-13 00:00:00,3863.89404296875,4210.0,4330.0,4200.0,4320.0,54029800
2025-01-14 00:00:00,3790.470947265625,4130.0,4240.0,4110.0,4170.0,71568000
2025-01-15 00:00:00,4047.4521484375,4410.0,4430.0,4150.0,4150.0,82038200
2025-01-16 00:00:00,4130.05322265625,4500.0,4600.0,4480.0,4600.0,113849300
2025-01-17 00:00:00,4102.51953125,4470.0,4570.0,4380.0,4450.0,40130000
2025-01-20 00:00:00,4240.18798828125,4620.0,4660.0,4490.0,4520.0,67692300
2025-01-21 00:00:00,4350.32275390625,4740.0,4820.0,4650.0,4690.0,96008700
2025-01-22 00:00:00,4396.2119140625,4790.0,4810.0,4760.0,4790.0,55899500
2025-01-23 00:00:00,4267.7216796875,4650.0,4820.0,4650.0,4790.0,86704800
2025-01-24 00:00:00,4231.009765625,4610.0,4700.0,4610.0,4660.0,42140900
2025-01-30 00:00:00,4258.54345703125,4640.0,4670.0,4580.0,4610.0,23980100
2025-01-31 00:00:00,4377.8564453125,4770.0,4880.0,4660.0,4660.0,78958600
2025-02-03 00:00:00,4387.0341796875,4780.0,4800.0,4640.0,4770.0,63072700
2025-02-04 00:00:00,4313.61083984375,4700.0,4780.0,4700.0,4770.0,44266700
2025-02-05 00:00:00,4130.05322265625,4500.0,4680.0,4480.0,4650.0,52077600
2025-02-06 00:00:00,3937.3173828125,4290.0,4510.0,4260.0,4500.0,72520900
2025-02-07 00:00:00,3918.96142578125,4270.0,4350.0,4160.0,4250.0,69268900
2025-02-10 00:00:00,3808.82666015625,4150.0,4310.0,4150.0,4270.0,46856100
2025-02-11 00:00:00,3735.403564453125,4070.0,4170.0,4050.0,4150.0,52994400
2025-02-12 00:00:00,3946.4951171875,4300.0,4300.0,4100.0,4130.0,57782300
2025-02-13 00:00:00,3900.605712890625,4250.0,4300.0,4210.0,4280.0,38173200
2025-02-14 00:00:00,4010.740478515625,4370.0,4390.0,4300.0,4310.0,61932800
2025-02-17 00:00:00,4194.29833984375,4570.0,4590.0,4350.0,4370.0,52492800
2025-02-18 00:00:00,4359.50048828125,4750.0,4750.0,4600.0,4600.0,73992700
2025-02-19 00:00:00,4148.40869140625,4520.0,4750.0,4480.0,4750.0,72328000
2025-02-20 00:00:00,4093.341552734375,4460.0,4550.0,4400.0,4520.0,49467500
2025-02-21 00:00:00,3946.4951171875,4300.0,4440.0,4300.0,4410.0,70115400
2025-02-24 00:00:00,3854.71630859375,4200.0,4320.0,4200.0,4300.0,61467000
2025-02-25 00:00:00,3882.25,4230.0,4280.0,4110.0,4230.0,45778400
2025-02-26 00:00:00,3992.384765625,4350.0,4350.0,4210.0,4250.0,42114300
2025-02-27 00:00:00,3983.206787109375,4340.0,4370.0,4200.0,4350.0,58362900
2025-02-28 00:00:00,3698.69189453125,4030.0,4270.0,4010.0,4270.0,156574800
2025-03-03 00:00:00,3909.78369140625,4260.0,4310.0,4120.0,4180.0,156616300
2025-03-04 00:00:00,3873.072021484375,4220.0,4290.0,4170.0,4240.0,71340000
2025-03-05 00:00:00,4093.341552734375,4460.0,4540.0,4250.0,4250.0,101995600
2025-03-06 00:00:00,4212.654296875,4590.0,4700.0,4540.0,4550.0,104226000
2025-03-07 00:00:00,4166.7646484375,4540.0,4590.0,4460.0,4590.0,61630700
2025-03-10 00:00:00,4084.16357421875,4450.0,4540.0,4410.0,4540.0,43038000
2025-03-11 00:00:00,4084.16357421875,4450.0,4460.0,4360.0,4380.0,44323600
2025-03-12 00:00:00,4157.5869140625,4530.0,4550.0,4480.0,4490.0,44656600
2025-03-13 00:00:00,4157.5869140625,4530.0,4600.0,4440.0,4600.0,48947400
2025-03-14 00:00:00,4065.807861328125,4430.0,4520.0,4400.0,4470.0,50335900
2025-03-17 00:00:00,3974.02880859375,4330.0,4460.0,4260.0,4430.0,60911900
2025-03-18 00:00:00,3845.538330078125,4190.0,4310.0,4030.0,4300.0,80141500
2025-03-19 00:00:00,3827.1826171875,4170.0,4250.0,4120.0,4190.0,110420100
2025-03-20 00:00:00,3744.58154296875,4080.0,4270.0,4050.0,4240.0,109598400
2025-03-21 00:00:00,3460.066650390625,3770.0,4090.0,3770.0,4080.0,246727700
2025-03-24 00:00:00,3414.17724609375,3720.0,3830.0,3630.0,3770.0,135658700
2025-03-25 00:00:00,3579.37939453125,3900.0,3930.0,3740.0,3770.0,157671900
2025-03-26 00:00:00,3900.605712890625,4250.0,4280.0,4000.0,4010.0,229422000
2025-03-27 00:00:00,3891.427734375,4240.0,4280.0,4110.0,4250.0,101189600
2025-04-08 00:00:00,3698.69189453125,4030.0,4080.0,3610.0,3680.0,185281600
2025-04-09 00:00:00,3707.869873046875,4040.0,4140.0,3970.0,4030.0,81414200
2025-04-10 00:00:00,3909.78369140625,4260.0,4400.0,4220.0,4380.0,131182600
2025-04-11 00:00:00,4029.09619140625,4390.0,4400.0,4200.0,4240.0,90221600
2025-04-14 00:00:00,4175.9423828125,4550.0,4550.0,4440.0,4450.0,162128800
2025-04-15 00:00:00,4280.0,4280.0,4350.0,4270.0,4280.0,156480600
2025-04-16 00:00:00,4100.0,4100.0,4290.0,4090.0,4280.0,109735100
2025-04-17 00:00:00,4040.0,4040.0,4150.0,4040.0,4110.0,68392500
2025-04-21 00:00:00,3990.0,3990.0,4050.0,3950.0,4040.0,67071400
2025-04-22 00:00:00,4010.0,4010.0,4050.0,3960.0,3990.0,84001100
2025-04-23 00:00:00,4150.0,4150.0,4170.0,4030.0,4080.0,128948700
2025-04-24 00:00:00,4170.0,4170.0,4250.0,4120.0,4200.0,145433700
2025-04-25 00:00:00,4200.0,4200.0,4210.0,4140.0,4200.0,102065100
2025-04-28 00:00:00,4190.0,4190.0,4250.0,4170.0,4210.0,68481300
2025-04-29 00:00:00,4140.0,4140.0,4220.0,4120.0,4210.0,61824000
2025-04-30 00:00:00,4180.0,4180.0,4180.0,4080.0,4160.0,85510000
2025-05-02 00:00:00,4200.0,4200.0,4230.0,4160.0,4220.0,81966800
2025-05-05 00:00:00,4210.0,4210.0,4280.0,4180.0,4210.0,60392100
2025-05-06 00:00:00,4180.0,4180.0,4230.0,4170.0,4220.0,66444400
2025-05-07 00:00:00,4160.0,4160.0,4200.0,4140.0,4190.0,57689300
2025-05-08 00:00:00,4120.0,4120.0,4220.0,4080.0,4160.0,77995600
2025-05-09 00:00:00,4100.0,4100.0,4140.0,4060.0,4120.0,37787800
2025-05-14 00:00:00,4370.0,4370.0,4370.0,4160.0,4180.0,179465400
2025-05-15 00:00:00,4500.0,4500.0,4530.0,4390.0,4390.0,120598100
2025-05-16 00:00:00,4500.0,4500.0,4530.0,4360.0,4530.0,88956700
2025-05-19 00:00:00,4460.0,4460.0,4520.0,4430.0,4480.0,60120200
